subject,seed,method,n_test_windows,accuracy,balanced_accuracy,macro_f1,n1_f1
EPCTL01,0,ideal,21,0.47619047619047616,0.48333333333333334,0.29583333333333334,0.5833333333333334
EPCTL01,0,no_qec,21,0.47619047619047616,0.48333333333333334,0.3021739130434783,0.6086956521739131
EPCTL01,0,uniform_repetition_d3,21,0.47619047619047616,0.48333333333333334,0.29583333333333334,0.5833333333333334
EPCTL01,0,application_aware,21,0.5238095238095238,0.5166666666666666,0.31,0.64
EPCTL01,0,classical_averaged_50_shots,21,0.6190476190476191,0.5833333333333333,0.31493506493506496,0.7142857142857143
EPCTL01,1,ideal,21,0.5238095238095238,0.48148148148148145,0.35737628384687203,0.5882352941176471
EPCTL01,1,no_qec,21,0.5238095238095238,0.48148148148148145,0.35737628384687203,0.5882352941176471
EPCTL01,1,uniform_repetition_d3,21,0.5238095238095238,0.48148148148148145,0.35737628384687203,0.5882352941176471
EPCTL01,1,application_aware,21,0.47619047619047616,0.3703703703703704,0.2777777777777778,0.5555555555555556
EPCTL01,1,classical_averaged_50_shots,21,0.2857142857142857,0.2962962962962963,0.1732456140350877,0.0
EPCTL01,2,ideal,21,0.38095238095238093,0.35555555555555557,0.2418831168831169,0.18181818181818182
EPCTL01,2,no_qec,21,0.38095238095238093,0.35555555555555557,0.2418831168831169,0.18181818181818182
EPCTL01,2,uniform_repetition_d3,21,0.3333333333333333,0.24444444444444446,0.16666666666666666,0.16666666666666666
EPCTL01,2,application_aware,21,0.38095238095238093,0.35555555555555557,0.2418831168831169,0.18181818181818182
EPCTL01,2,classical_averaged_50_shots,21,0.3333333333333333,0.24444444444444446,0.1607142857142857,0.0
EPCTL02,0,ideal,21,0.8095238095238095,0.6444444444444445,0.3913793103448276,0.6
EPCTL02,0,no_qec,21,0.8571428571428571,0.6666666666666666,0.41666666666666663,0.6666666666666666
EPCTL02,0,uniform_repetition_d3,21,0.8095238095238095,0.6444444444444445,0.3913793103448276,0.6
EPCTL02,0,application_aware,21,0.7619047619047619,0.6222222222222222,0.3685064935064935,0.5454545454545454
EPCTL02,0,classical_averaged_50_shots,21,0.7619047619047619,0.6222222222222222,0.3685064935064935,0.5454545454545454
EPCTL02,1,ideal,21,0.8095238095238095,0.6388888888888888,0.4266304347826087,0.75
EPCTL02,1,no_qec,21,0.8095238095238095,0.6388888888888888,0.4266304347826087,0.75
EPCTL02,1,uniform_repetition_d3,21,0.8095238095238095,0.6388888888888888,0.4266304347826087,0.75
EPCTL02,1,application_aware,21,0.8095238095238095,0.6388888888888888,0.4266304347826087,0.75
EPCTL02,1,classical_averaged_50_shots,21,0.8095238095238095,0.6111111111111112,0.42307692307692313,0.7692307692307693
EPCTL02,2,ideal,21,0.6190476190476191,0.6527777777777778,0.38235294117647056,0.5882352941176471
EPCTL02,2,no_qec,21,0.5714285714285714,0.611111111111111,0.3602941176470588,0.5
EPCTL02,2,uniform_repetition_d3,21,0.38095238095238093,0.4305555555555556,0.25721153846153844,0.15384615384615385
EPCTL02,2,application_aware,21,0.6190476190476191,0.6527777777777778,0.38235294117647056,0.5882352941176471
EPCTL02,2,classical_averaged_50_shots,21,0.38095238095238093,0.4444444444444444,0.23529411764705882,0.0
EPCTL03,0,ideal,21,0.47619047619047616,0.4814814814814814,0.37662337662337664,0.36363636363636365
EPCTL03,0,no_qec,21,0.47619047619047616,0.48148148148148145,0.3546626984126984,0.2222222222222222
EPCTL03,0,uniform_repetition_d3,21,0.42857142857142855,0.4444444444444444,0.35119047619047616,0.3333333333333333
EPCTL03,0,application_aware,21,0.47619047619047616,0.4814814814814814,0.3876123876123876,0.36363636363636365
EPCTL03,0,classical_averaged_50_shots,21,0.23809523809523808,0.27777777777777773,0.1611111111111111,0.1111111111111111
EPCTL03,1,ideal,21,0.3333333333333333,0.4074074074074074,0.3742081447963801,0.8
EPCTL03,1,no_qec,21,0.38095238095238093,0.4444444444444444,0.40535714285714286,0.8
EPCTL03,1,uniform_repetition_d3,21,0.3333333333333333,0.4074074074074074,0.34455128205128205,0.6666666666666666
EPCTL03,1,application_aware,21,0.3333333333333333,0.4074074074074074,0.3742081447963801,0.8
EPCTL03,1,classical_averaged_50_shots,21,0.5714285714285714,0.6666666666666666,0.3403846153846154,0.46153846153846156
EPCTL03,2,ideal,21,0.47619047619047616,0.3333333333333333,0.16666666666666666,0.0
EPCTL03,2,no_qec,21,0.47619047619047616,0.3333333333333333,0.16666666666666666,0.0
EPCTL03,2,uniform_repetition_d3,21,0.42857142857142855,0.3,0.15517241379310345,0.0
EPCTL03,2,application_aware,21,0.47619047619047616,0.3333333333333333,0.16666666666666666,0.0
EPCTL03,2,classical_averaged_50_shots,21,0.2857142857142857,0.2,0.13636363636363635,0.0
EPCTL04,0,ideal,81,0.48148148148148145,0.5666666666666667,0.19625,0.16
EPCTL04,0,no_qec,81,0.5432098765432098,0.6,0.2153846153846154,0.17777777777777778
EPCTL04,0,uniform_repetition_d3,81,0.49382716049382713,0.5733333333333333,0.20010836192884232,0.16326530612244897
EPCTL04,0,application_aware,81,0.49382716049382713,0.5733333333333333,0.20010836192884232,0.16326530612244897
EPCTL04,0,classical_averaged_50_shots,81,0.654320987654321,0.6599999999999999,0.25,0.2222222222222222
EPCTL04,1,ideal,81,0.41975308641975306,0.41975308641975306,0.14782608695652175,0.0
EPCTL04,1,no_qec,81,0.4567901234567901,0.4567901234567901,0.15677966101694915,0.0
EPCTL04,1,uniform_repetition_d3,81,0.4444444444444444,0.4444444444444444,0.15384615384615385,0.0
EPCTL04,1,application_aware,81,0.41975308641975306,0.41975308641975306,0.14782608695652175,0.0
EPCTL04,1,classical_averaged_50_shots,81,0.2962962962962963,0.2962962962962963,0.11428571428571428,0.0
EPCTL04,2,ideal,81,0.41975308641975306,0.41975308641975306,0.14782608695652175,0.0
EPCTL04,2,no_qec,81,0.41975308641975306,0.41975308641975306,0.14782608695652175,0.0
EPCTL04,2,uniform_repetition_d3,81,0.41975308641975306,0.41975308641975306,0.14782608695652175,0.0
EPCTL04,2,application_aware,81,0.4074074074074074,0.4074074074074074,0.14473684210526316,0.0
EPCTL04,2,classical_averaged_50_shots,81,0.08641975308641975,0.08641975308641975,0.03977272727272727,0.0
EPCTL05,0,ideal,21,0.47619047619047616,0.3333333333333333,0.16129032258064516,0.0
EPCTL05,0,no_qec,21,0.47619047619047616,0.3333333333333333,0.16129032258064516,0.0
EPCTL05,0,uniform_repetition_d3,21,0.47619047619047616,0.3333333333333333,0.16129032258064516,0.0
EPCTL05,0,application_aware,21,0.47619047619047616,0.3333333333333333,0.16129032258064516,0.0
EPCTL05,0,classical_averaged_50_shots,21,0.47619047619047616,0.5333333333333333,0.23569794050343248,0.42105263157894735
EPCTL05,1,ideal,21,0.5238095238095238,0.5,0.24759615384615385,0.375
EPCTL05,1,no_qec,21,0.5238095238095238,0.5,0.24759615384615385,0.375
EPCTL05,1,uniform_repetition_d3,21,0.5238095238095238,0.5,0.24759615384615385,0.375
EPCTL05,1,application_aware,21,0.5238095238095238,0.5,0.24759615384615385,0.375
EPCTL05,1,classical_averaged_50_shots,21,0.47619047619047616,0.5277777777777778,0.2148148148148148,0.5925925925925926
EPCTL05,2,ideal,21,0.5714285714285714,0.5277777777777778,0.24933687002652521,0.3076923076923077
EPCTL05,2,no_qec,21,0.5714285714285714,0.5277777777777778,0.24933687002652521,0.3076923076923077
EPCTL05,2,uniform_repetition_d3,21,0.5714285714285714,0.5277777777777778,0.24933687002652521,0.3076923076923077
EPCTL05,2,application_aware,21,0.5714285714285714,0.5277777777777778,0.24933687002652521,0.3076923076923077
EPCTL05,2,classical_averaged_50_shots,21,0.47619047619047616,0.45833333333333337,0.2282352941176471,0.35294117647058826
