subject,seed,method,window,y_true,y_pred
EPCTL01,0,ideal,6,N1,N1
EPCTL01,0,ideal,7,N1,W
EPCTL01,0,ideal,8,N1,W
EPCTL01,0,ideal,12,N1,W
EPCTL01,0,ideal,13,N1,W
EPCTL01,0,ideal,14,N1,W
EPCTL01,0,ideal,30,N1,N1
EPCTL01,0,ideal,31,N1,N1
EPCTL01,0,ideal,32,N1,W
EPCTL01,0,ideal,33,N1,N1
EPCTL01,0,ideal,34,N1,N1
EPCTL01,0,ideal,35,N1,N1
EPCTL01,0,ideal,69,N1,N1
EPCTL01,0,ideal,70,N1,N2
EPCTL01,0,ideal,71,N1,W
EPCTL01,0,ideal,78,N2,W
EPCTL01,0,ideal,79,N2,N1
EPCTL01,0,ideal,80,N2,N1
EPCTL01,0,ideal,90,N2,N2
EPCTL01,0,ideal,91,N2,N2
EPCTL01,0,ideal,92,N2,N2
EPCTL01,0,no_qec,6,N1,N1
EPCTL01,0,no_qec,7,N1,W
EPCTL01,0,no_qec,8,N1,W
EPCTL01,0,no_qec,12,N1,W
EPCTL01,0,no_qec,13,N1,W
EPCTL01,0,no_qec,14,N1,W
EPCTL01,0,no_qec,30,N1,N1
EPCTL01,0,no_qec,31,N1,N1
EPCTL01,0,no_qec,32,N1,W
EPCTL01,0,no_qec,33,N1,N1
EPCTL01,0,no_qec,34,N1,N1
EPCTL01,0,no_qec,35,N1,N1
EPCTL01,0,no_qec,69,N1,N1
EPCTL01,0,no_qec,70,N1,N2
EPCTL01,0,no_qec,71,N1,W
EPCTL01,0,no_qec,78,N2,W
EPCTL01,0,no_qec,79,N2,W
EPCTL01,0,no_qec,80,N2,N1
EPCTL01,0,no_qec,90,N2,N2
EPCTL01,0,no_qec,91,N2,N2
EPCTL01,0,no_qec,92,N2,N2
EPCTL01,0,uniform_repetition_d3,6,N1,N1
EPCTL01,0,uniform_repetition_d3,7,N1,W
EPCTL01,0,uniform_repetition_d3,8,N1,W
EPCTL01,0,uniform_repetition_d3,12,N1,W
EPCTL01,0,uniform_repetition_d3,13,N1,W
EPCTL01,0,uniform_repetition_d3,14,N1,W
EPCTL01,0,uniform_repetition_d3,30,N1,N1
EPCTL01,0,uniform_repetition_d3,31,N1,N1
EPCTL01,0,uniform_repetition_d3,32,N1,W
EPCTL01,0,uniform_repetition_d3,33,N1,N1
EPCTL01,0,uniform_repetition_d3,34,N1,N1
EPCTL01,0,uniform_repetition_d3,35,N1,N1
EPCTL01,0,uniform_repetition_d3,69,N1,N1
EPCTL01,0,uniform_repetition_d3,70,N1,N2
EPCTL01,0,uniform_repetition_d3,71,N1,W
EPCTL01,0,uniform_repetition_d3,78,N2,W
EPCTL01,0,uniform_repetition_d3,79,N2,N1
EPCTL01,0,uniform_repetition_d3,80,N2,N1
EPCTL01,0,uniform_repetition_d3,90,N2,N2
EPCTL01,0,uniform_repetition_d3,91,N2,N2
EPCTL01,0,uniform_repetition_d3,92,N2,N2
EPCTL01,0,application_aware,6,N1,N1
EPCTL01,0,application_aware,7,N1,W
EPCTL01,0,application_aware,8,N1,W
EPCTL01,0,application_aware,12,N1,N1
EPCTL01,0,application_aware,13,N1,W
EPCTL01,0,application_aware,14,N1,W
EPCTL01,0,application_aware,30,N1,N1
EPCTL01,0,application_aware,31,N1,N1
EPCTL01,0,application_aware,32,N1,W
EPCTL01,0,application_aware,33,N1,N1
EPCTL01,0,application_aware,34,N1,N1
EPCTL01,0,application_aware,35,N1,N1
EPCTL01,0,application_aware,69,N1,N1
EPCTL01,0,application_aware,70,N1,N2
EPCTL01,0,application_aware,71,N1,W
EPCTL01,0,application_aware,78,N2,W
EPCTL01,0,application_aware,79,N2,N1
EPCTL01,0,application_aware,80,N2,N1
EPCTL01,0,application_aware,90,N2,N2
EPCTL01,0,application_aware,91,N2,N2
EPCTL01,0,application_aware,92,N2,N2
EPCTL01,0,classical_averaged_50_shots,6,N1,N1
EPCTL01,0,classical_averaged_50_shots,7,N1,N1
EPCTL01,0,classical_averaged_50_shots,8,N1,W
EPCTL01,0,classical_averaged_50_shots,12,N1,N1
EPCTL01,0,classical_averaged_50_shots,13,N1,W
EPCTL01,0,classical_averaged_50_shots,14,N1,W
EPCTL01,0,classical_averaged_50_shots,30,N1,N1
EPCTL01,0,classical_averaged_50_shots,31,N1,N1
EPCTL01,0,classical_averaged_50_shots,32,N1,N1
EPCTL01,0,classical_averaged_50_shots,33,N1,N1
EPCTL01,0,classical_averaged_50_shots,34,N1,N1
EPCTL01,0,classical_averaged_50_shots,35,N1,N2
EPCTL01,0,classical_averaged_50_shots,69,N1,N1
EPCTL01,0,classical_averaged_50_shots,70,N1,N2
EPCTL01,0,classical_averaged_50_shots,71,N1,N1
EPCTL01,0,classical_averaged_50_shots,78,N2,N1
EPCTL01,0,classical_averaged_50_shots,79,N2,N1
EPCTL01,0,classical_averaged_50_shots,80,N2,N1
EPCTL01,0,classical_averaged_50_shots,90,N2,N2
EPCTL01,0,classical_averaged_50_shots,91,N2,N2
EPCTL01,0,classical_averaged_50_shots,92,N2,N2
EPCTL01,1,ideal,9,N1,N1
EPCTL01,1,ideal,10,N1,N1
EPCTL01,1,ideal,11,N1,N1
EPCTL01,1,ideal,18,W,N2
EPCTL01,1,ideal,19,W,N1
EPCTL01,1,ideal,20,W,W
EPCTL01,1,ideal,21,N1,N1
EPCTL01,1,ideal,22,N1,N2
EPCTL01,1,ideal,23,N1,N2
EPCTL01,1,ideal,33,N1,W
EPCTL01,1,ideal,34,N1,N1
EPCTL01,1,ideal,35,N1,N2
EPCTL01,1,ideal,81,N2,N2
EPCTL01,1,ideal,82,N2,W
EPCTL01,1,ideal,83,N2,N1
EPCTL01,1,ideal,84,N2,N1
EPCTL01,1,ideal,85,N2,N2
EPCTL01,1,ideal,86,N2,W
EPCTL01,1,ideal,90,N2,N2
EPCTL01,1,ideal,91,N2,N2
EPCTL01,1,ideal,92,N2,N2
EPCTL01,1,no_qec,9,N1,N1
EPCTL01,1,no_qec,10,N1,N1
EPCTL01,1,no_qec,11,N1,N1
EPCTL01,1,no_qec,18,W,N2
EPCTL01,1,no_qec,19,W,N1
EPCTL01,1,no_qec,20,W,W
EPCTL01,1,no_qec,21,N1,N1
EPCTL01,1,no_qec,22,N1,N2
EPCTL01,1,no_qec,23,N1,N2
EPCTL01,1,no_qec,33,N1,W
EPCTL01,1,no_qec,34,N1,N1
EPCTL01,1,no_qec,35,N1,N2
EPCTL01,1,no_qec,81,N2,N2
EPCTL01,1,no_qec,82,N2,W
EPCTL01,1,no_qec,83,N2,N1
EPCTL01,1,no_qec,84,N2,N1
EPCTL01,1,no_qec,85,N2,N2
EPCTL01,1,no_qec,86,N2,W
EPCTL01,1,no_qec,90,N2,N2
EPCTL01,1,no_qec,91,N2,N2
EPCTL01,1,no_qec,92,N2,N2
EPCTL01,1,uniform_repetition_d3,9,N1,N1
EPCTL01,1,uniform_repetition_d3,10,N1,N1
EPCTL01,1,uniform_repetition_d3,11,N1,N1
EPCTL01,1,uniform_repetition_d3,18,W,N2
EPCTL01,1,uniform_repetition_d3,19,W,N1
EPCTL01,1,uniform_repetition_d3,20,W,W
EPCTL01,1,uniform_repetition_d3,21,N1,N1
EPCTL01,1,uniform_repetition_d3,22,N1,N2
EPCTL01,1,uniform_repetition_d3,23,N1,N2
EPCTL01,1,uniform_repetition_d3,33,N1,W
EPCTL01,1,uniform_repetition_d3,34,N1,N1
EPCTL01,1,uniform_repetition_d3,35,N1,N2
EPCTL01,1,uniform_repetition_d3,81,N2,N2
EPCTL01,1,uniform_repetition_d3,82,N2,W
EPCTL01,1,uniform_repetition_d3,83,N2,N1
EPCTL01,1,uniform_repetition_d3,84,N2,N1
EPCTL01,1,uniform_repetition_d3,85,N2,N2
EPCTL01,1,uniform_repetition_d3,86,N2,W
EPCTL01,1,uniform_repetition_d3,90,N2,N2
EPCTL01,1,uniform_repetition_d3,91,N2,N2
EPCTL01,1,uniform_repetition_d3,92,N2,N2
EPCTL01,1,application_aware,9,N1,N1
EPCTL01,1,application_aware,10,N1,N1
EPCTL01,1,application_aware,11,N1,N1
EPCTL01,1,application_aware,18,W,N2
EPCTL01,1,application_aware,19,W,N1
EPCTL01,1,application_aware,20,W,N1
EPCTL01,1,application_aware,21,N1,N1
EPCTL01,1,application_aware,22,N1,N2
EPCTL01,1,application_aware,23,N1,N2
EPCTL01,1,application_aware,33,N1,W
EPCTL01,1,application_aware,34,N1,N1
EPCTL01,1,application_aware,35,N1,N2
EPCTL01,1,application_aware,81,N2,N2
EPCTL01,1,application_aware,82,N2,W
EPCTL01,1,application_aware,83,N2,N1
EPCTL01,1,application_aware,84,N2,N1
EPCTL01,1,application_aware,85,N2,N2
EPCTL01,1,application_aware,86,N2,W
EPCTL01,1,application_aware,90,N2,N2
EPCTL01,1,application_aware,91,N2,N2
EPCTL01,1,application_aware,92,N2,N2
EPCTL01,1,classical_averaged_50_shots,9,N1,W
EPCTL01,1,classical_averaged_50_shots,10,N1,W
EPCTL01,1,classical_averaged_50_shots,11,N1,N2
EPCTL01,1,classical_averaged_50_shots,18,W,N2
EPCTL01,1,classical_averaged_50_shots,19,W,N1
EPCTL01,1,classical_averaged_50_shots,20,W,W
EPCTL01,1,classical_averaged_50_shots,21,N1,W
EPCTL01,1,classical_averaged_50_shots,22,N1,N2
EPCTL01,1,classical_averaged_50_shots,23,N1,N2
EPCTL01,1,classical_averaged_50_shots,33,N1,W
EPCTL01,1,classical_averaged_50_shots,34,N1,W
EPCTL01,1,classical_averaged_50_shots,35,N1,N2
EPCTL01,1,classical_averaged_50_shots,81,N2,N2
EPCTL01,1,classical_averaged_50_shots,82,N2,W
EPCTL01,1,classical_averaged_50_shots,83,N2,W
EPCTL01,1,classical_averaged_50_shots,84,N2,N1
EPCTL01,1,classical_averaged_50_shots,85,N2,N2
EPCTL01,1,classical_averaged_50_shots,86,N2,W
EPCTL01,1,classical_averaged_50_shots,90,N2,N2
EPCTL01,1,classical_averaged_50_shots,91,N2,N2
EPCTL01,1,classical_averaged_50_shots,92,N2,N2
EPCTL01,2,ideal,18,W,N2
EPCTL01,2,ideal,19,W,N1
EPCTL01,2,ideal,20,W,W
EPCTL01,2,ideal,21,N1,N1
EPCTL01,2,ideal,22,N1,N2
EPCTL01,2,ideal,23,N1,N2
EPCTL01,2,ideal,72,N2,W
EPCTL01,2,ideal,73,N2,N2
EPCTL01,2,ideal,74,N2,N2
EPCTL01,2,ideal,75,N2,N2
EPCTL01,2,ideal,76,N2,N2
EPCTL01,2,ideal,77,N2,N1
EPCTL01,2,ideal,78,N2,W
EPCTL01,2,ideal,79,N2,N1
EPCTL01,2,ideal,80,N2,N1
EPCTL01,2,ideal,81,N2,N1
EPCTL01,2,ideal,82,N2,W
EPCTL01,2,ideal,83,N2,N1
EPCTL01,2,ideal,87,N2,N1
EPCTL01,2,ideal,88,N2,N2
EPCTL01,2,ideal,89,N2,N2
EPCTL01,2,no_qec,18,W,N2
EPCTL01,2,no_qec,19,W,N1
EPCTL01,2,no_qec,20,W,W
EPCTL01,2,no_qec,21,N1,N1
EPCTL01,2,no_qec,22,N1,N2
EPCTL01,2,no_qec,23,N1,N2
EPCTL01,2,no_qec,72,N2,W
EPCTL01,2,no_qec,73,N2,N2
EPCTL01,2,no_qec,74,N2,N2
EPCTL01,2,no_qec,75,N2,N2
EPCTL01,2,no_qec,76,N2,N2
EPCTL01,2,no_qec,77,N2,N1
EPCTL01,2,no_qec,78,N2,W
EPCTL01,2,no_qec,79,N2,N1
EPCTL01,2,no_qec,80,N2,N1
EPCTL01,2,no_qec,81,N2,N1
EPCTL01,2,no_qec,82,N2,W
EPCTL01,2,no_qec,83,N2,N1
EPCTL01,2,no_qec,87,N2,N1
EPCTL01,2,no_qec,88,N2,N2
EPCTL01,2,no_qec,89,N2,N2
EPCTL01,2,uniform_repetition_d3,18,W,N2
EPCTL01,2,uniform_repetition_d3,19,W,N1
EPCTL01,2,uniform_repetition_d3,20,W,N1
EPCTL01,2,uniform_repetition_d3,21,N1,N1
EPCTL01,2,uniform_repetition_d3,22,N1,N2
EPCTL01,2,uniform_repetition_d3,23,N1,N2
EPCTL01,2,uniform_repetition_d3,72,N2,W
EPCTL01,2,uniform_repetition_d3,73,N2,N2
EPCTL01,2,uniform_repetition_d3,74,N2,N2
EPCTL01,2,uniform_repetition_d3,75,N2,N2
EPCTL01,2,uniform_repetition_d3,76,N2,N2
EPCTL01,2,uniform_repetition_d3,77,N2,N1
EPCTL01,2,uniform_repetition_d3,78,N2,W
EPCTL01,2,uniform_repetition_d3,79,N2,N1
EPCTL01,2,uniform_repetition_d3,80,N2,N1
EPCTL01,2,uniform_repetition_d3,81,N2,N1
EPCTL01,2,uniform_repetition_d3,82,N2,W
EPCTL01,2,uniform_repetition_d3,83,N2,N1
EPCTL01,2,uniform_repetition_d3,87,N2,N1
EPCTL01,2,uniform_repetition_d3,88,N2,N2
EPCTL01,2,uniform_repetition_d3,89,N2,N2
EPCTL01,2,application_aware,18,W,N2
EPCTL01,2,application_aware,19,W,N1
EPCTL01,2,application_aware,20,W,W
EPCTL01,2,application_aware,21,N1,N1
EPCTL01,2,application_aware,22,N1,N2
EPCTL01,2,application_aware,23,N1,N2
EPCTL01,2,application_aware,72,N2,W
EPCTL01,2,application_aware,73,N2,N2
EPCTL01,2,application_aware,74,N2,N2
EPCTL01,2,application_aware,75,N2,N2
EPCTL01,2,application_aware,76,N2,N2
EPCTL01,2,application_aware,77,N2,N1
EPCTL01,2,application_aware,78,N2,W
EPCTL01,2,application_aware,79,N2,N1
EPCTL01,2,application_aware,80,N2,N1
EPCTL01,2,application_aware,81,N2,N1
EPCTL01,2,application_aware,82,N2,W
EPCTL01,2,application_aware,83,N2,N1
EPCTL01,2,application_aware,87,N2,N1
EPCTL01,2,application_aware,88,N2,N2
EPCTL01,2,application_aware,89,N2,N2
EPCTL01,2,classical_averaged_50_shots,18,W,N2
EPCTL01,2,classical_averaged_50_shots,19,W,N1
EPCTL01,2,classical_averaged_50_shots,20,W,W
EPCTL01,2,classical_averaged_50_shots,21,N1,W
EPCTL01,2,classical_averaged_50_shots,22,N1,N2
EPCTL01,2,classical_averaged_50_shots,23,N1,N2
EPCTL01,2,classical_averaged_50_shots,72,N2,W
EPCTL01,2,classical_averaged_50_shots,73,N2,N2
EPCTL01,2,classical_averaged_50_shots,74,N2,N2
EPCTL01,2,classical_averaged_50_shots,75,N2,N2
EPCTL01,2,classical_averaged_50_shots,76,N2,N2
EPCTL01,2,classical_averaged_50_shots,77,N2,W
EPCTL01,2,classical_averaged_50_shots,78,N2,W
EPCTL01,2,classical_averaged_50_shots,79,N2,W
EPCTL01,2,classical_averaged_50_shots,80,N2,W
EPCTL01,2,classical_averaged_50_shots,81,N2,W
EPCTL01,2,classical_averaged_50_shots,82,N2,W
EPCTL01,2,classical_averaged_50_shots,83,N2,W
EPCTL01,2,classical_averaged_50_shots,87,N2,W
EPCTL01,2,classical_averaged_50_shots,88,N2,N2
EPCTL01,2,classical_averaged_50_shots,89,N2,N2
EPCTL02,0,ideal,6,W,W
EPCTL02,0,ideal,7,W,W
EPCTL02,0,ideal,8,W,W
EPCTL02,0,ideal,12,W,W
EPCTL02,0,ideal,13,W,W
EPCTL02,0,ideal,14,W,W
EPCTL02,0,ideal,30,W,W
EPCTL02,0,ideal,31,W,W
EPCTL02,0,ideal,32,W,W
EPCTL02,0,ideal,33,W,W
EPCTL02,0,ideal,34,W,N1
EPCTL02,0,ideal,35,W,W
EPCTL02,0,ideal,69,W,W
EPCTL02,0,ideal,70,W,W
EPCTL02,0,ideal,71,W,W
EPCTL02,0,ideal,78,N1,N1
EPCTL02,0,ideal,79,N1,N1
EPCTL02,0,ideal,80,N1,N1
EPCTL02,0,ideal,90,N2,N1
EPCTL02,0,ideal,91,N2,N1
EPCTL02,0,ideal,92,N2,N1
EPCTL02,0,no_qec,6,W,W
EPCTL02,0,no_qec,7,W,W
EPCTL02,0,no_qec,8,W,W
EPCTL02,0,no_qec,12,W,W
EPCTL02,0,no_qec,13,W,W
EPCTL02,0,no_qec,14,W,W
EPCTL02,0,no_qec,30,W,W
EPCTL02,0,no_qec,31,W,W
EPCTL02,0,no_qec,32,W,W
EPCTL02,0,no_qec,33,W,W
EPCTL02,0,no_qec,34,W,W
EPCTL02,0,no_qec,35,W,W
EPCTL02,0,no_qec,69,W,W
EPCTL02,0,no_qec,70,W,W
EPCTL02,0,no_qec,71,W,W
EPCTL02,0,no_qec,78,N1,N1
EPCTL02,0,no_qec,79,N1,N1
EPCTL02,0,no_qec,80,N1,N1
EPCTL02,0,no_qec,90,N2,N1
EPCTL02,0,no_qec,91,N2,N1
EPCTL02,0,no_qec,92,N2,N1
EPCTL02,0,uniform_repetition_d3,6,W,W
EPCTL02,0,uniform_repetition_d3,7,W,N1
EPCTL02,0,uniform_repetition_d3,8,W,W
EPCTL02,0,uniform_repetition_d3,12,W,W
EPCTL02,0,uniform_repetition_d3,13,W,W
EPCTL02,0,uniform_repetition_d3,14,W,W
EPCTL02,0,uniform_repetition_d3,30,W,W
EPCTL02,0,uniform_repetition_d3,31,W,W
EPCTL02,0,uniform_repetition_d3,32,W,W
EPCTL02,0,uniform_repetition_d3,33,W,W
EPCTL02,0,uniform_repetition_d3,34,W,W
EPCTL02,0,uniform_repetition_d3,35,W,W
EPCTL02,0,uniform_repetition_d3,69,W,W
EPCTL02,0,uniform_repetition_d3,70,W,W
EPCTL02,0,uniform_repetition_d3,71,W,W
EPCTL02,0,uniform_repetition_d3,78,N1,N1
EPCTL02,0,uniform_repetition_d3,79,N1,N1
EPCTL02,0,uniform_repetition_d3,80,N1,N1
EPCTL02,0,uniform_repetition_d3,90,N2,N1
EPCTL02,0,uniform_repetition_d3,91,N2,N1
EPCTL02,0,uniform_repetition_d3,92,N2,N1
EPCTL02,0,application_aware,6,W,W
EPCTL02,0,application_aware,7,W,N1
EPCTL02,0,application_aware,8,W,W
EPCTL02,0,application_aware,12,W,W
EPCTL02,0,application_aware,13,W,W
EPCTL02,0,application_aware,14,W,W
EPCTL02,0,application_aware,30,W,W
EPCTL02,0,application_aware,31,W,W
EPCTL02,0,application_aware,32,W,W
EPCTL02,0,application_aware,33,W,W
EPCTL02,0,application_aware,34,W,N1
EPCTL02,0,application_aware,35,W,W
EPCTL02,0,application_aware,69,W,W
EPCTL02,0,application_aware,70,W,W
EPCTL02,0,application_aware,71,W,W
EPCTL02,0,application_aware,78,N1,N1
EPCTL02,0,application_aware,79,N1,N1
EPCTL02,0,application_aware,80,N1,N1
EPCTL02,0,application_aware,90,N2,N1
EPCTL02,0,application_aware,91,N2,N1
EPCTL02,0,application_aware,92,N2,N1
EPCTL02,0,classical_averaged_50_shots,6,W,W
EPCTL02,0,classical_averaged_50_shots,7,W,N1
EPCTL02,0,classical_averaged_50_shots,8,W,W
EPCTL02,0,classical_averaged_50_shots,12,W,W
EPCTL02,0,classical_averaged_50_shots,13,W,W
EPCTL02,0,classical_averaged_50_shots,14,W,W
EPCTL02,0,classical_averaged_50_shots,30,W,W
EPCTL02,0,classical_averaged_50_shots,31,W,W
EPCTL02,0,classical_averaged_50_shots,32,W,W
EPCTL02,0,classical_averaged_50_shots,33,W,W
EPCTL02,0,classical_averaged_50_shots,34,W,N1
EPCTL02,0,classical_averaged_50_shots,35,W,W
EPCTL02,0,classical_averaged_50_shots,69,W,W
EPCTL02,0,classical_averaged_50_shots,70,W,W
EPCTL02,0,classical_averaged_50_shots,71,W,W
EPCTL02,0,classical_averaged_50_shots,78,N1,N1
EPCTL02,0,classical_averaged_50_shots,79,N1,N1
EPCTL02,0,classical_averaged_50_shots,80,N1,N1
EPCTL02,0,classical_averaged_50_shots,90,N2,N1
EPCTL02,0,classical_averaged_50_shots,91,N2,N1
EPCTL02,0,classical_averaged_50_shots,92,N2,N1
EPCTL02,1,ideal,9,W,W
EPCTL02,1,ideal,10,W,W
EPCTL02,1,ideal,11,W,W
EPCTL02,1,ideal,18,W,W
EPCTL02,1,ideal,19,W,N1
EPCTL02,1,ideal,20,W,W
EPCTL02,1,ideal,21,W,W
EPCTL02,1,ideal,22,W,W
EPCTL02,1,ideal,23,W,W
EPCTL02,1,ideal,33,W,W
EPCTL02,1,ideal,34,W,W
EPCTL02,1,ideal,35,W,W
EPCTL02,1,ideal,81,N1,N1
EPCTL02,1,ideal,82,N1,N1
EPCTL02,1,ideal,83,N1,N1
EPCTL02,1,ideal,84,N1,N1
EPCTL02,1,ideal,85,N1,N1
EPCTL02,1,ideal,86,N1,N1
EPCTL02,1,ideal,90,N2,N1
EPCTL02,1,ideal,91,N2,N1
EPCTL02,1,ideal,92,N2,N1
EPCTL02,1,no_qec,9,W,W
EPCTL02,1,no_qec,10,W,W
EPCTL02,1,no_qec,11,W,W
EPCTL02,1,no_qec,18,W,W
EPCTL02,1,no_qec,19,W,N1
EPCTL02,1,no_qec,20,W,W
EPCTL02,1,no_qec,21,W,W
EPCTL02,1,no_qec,22,W,W
EPCTL02,1,no_qec,23,W,W
EPCTL02,1,no_qec,33,W,W
EPCTL02,1,no_qec,34,W,W
EPCTL02,1,no_qec,35,W,W
EPCTL02,1,no_qec,81,N1,N1
EPCTL02,1,no_qec,82,N1,N1
EPCTL02,1,no_qec,83,N1,N1
EPCTL02,1,no_qec,84,N1,N1
EPCTL02,1,no_qec,85,N1,N1
EPCTL02,1,no_qec,86,N1,N1
EPCTL02,1,no_qec,90,N2,N1
EPCTL02,1,no_qec,91,N2,N1
EPCTL02,1,no_qec,92,N2,N1
EPCTL02,1,uniform_repetition_d3,9,W,W
EPCTL02,1,uniform_repetition_d3,10,W,W
EPCTL02,1,uniform_repetition_d3,11,W,W
EPCTL02,1,uniform_repetition_d3,18,W,W
EPCTL02,1,uniform_repetition_d3,19,W,N1
EPCTL02,1,uniform_repetition_d3,20,W,W
EPCTL02,1,uniform_repetition_d3,21,W,W
EPCTL02,1,uniform_repetition_d3,22,W,W
EPCTL02,1,uniform_repetition_d3,23,W,W
EPCTL02,1,uniform_repetition_d3,33,W,W
EPCTL02,1,uniform_repetition_d3,34,W,W
EPCTL02,1,uniform_repetition_d3,35,W,W
EPCTL02,1,uniform_repetition_d3,81,N1,N1
EPCTL02,1,uniform_repetition_d3,82,N1,N1
EPCTL02,1,uniform_repetition_d3,83,N1,N1
EPCTL02,1,uniform_repetition_d3,84,N1,N1
EPCTL02,1,uniform_repetition_d3,85,N1,N1
EPCTL02,1,uniform_repetition_d3,86,N1,N1
EPCTL02,1,uniform_repetition_d3,90,N2,N1
EPCTL02,1,uniform_repetition_d3,91,N2,N1
EPCTL02,1,uniform_repetition_d3,92,N2,N1
EPCTL02,1,application_aware,9,W,W
EPCTL02,1,application_aware,10,W,W
EPCTL02,1,application_aware,11,W,W
EPCTL02,1,application_aware,18,W,W
EPCTL02,1,application_aware,19,W,N1
EPCTL02,1,application_aware,20,W,W
EPCTL02,1,application_aware,21,W,W
EPCTL02,1,application_aware,22,W,W
EPCTL02,1,application_aware,23,W,W
EPCTL02,1,application_aware,33,W,W
EPCTL02,1,application_aware,34,W,W
EPCTL02,1,application_aware,35,W,W
EPCTL02,1,application_aware,81,N1,N1
EPCTL02,1,application_aware,82,N1,N1
EPCTL02,1,application_aware,83,N1,N1
EPCTL02,1,application_aware,84,N1,N1
EPCTL02,1,application_aware,85,N1,N1
EPCTL02,1,application_aware,86,N1,N1
EPCTL02,1,application_aware,90,N2,N1
EPCTL02,1,application_aware,91,N2,N1
EPCTL02,1,application_aware,92,N2,N1
EPCTL02,1,classical_averaged_50_shots,9,W,W
EPCTL02,1,classical_averaged_50_shots,10,W,W
EPCTL02,1,classical_averaged_50_shots,11,W,W
EPCTL02,1,classical_averaged_50_shots,18,W,W
EPCTL02,1,classical_averaged_50_shots,19,W,W
EPCTL02,1,classical_averaged_50_shots,20,W,W
EPCTL02,1,classical_averaged_50_shots,21,W,W
EPCTL02,1,classical_averaged_50_shots,22,W,W
EPCTL02,1,classical_averaged_50_shots,23,W,W
EPCTL02,1,classical_averaged_50_shots,33,W,W
EPCTL02,1,classical_averaged_50_shots,34,W,W
EPCTL02,1,classical_averaged_50_shots,35,W,W
EPCTL02,1,classical_averaged_50_shots,81,N1,N1
EPCTL02,1,classical_averaged_50_shots,82,N1,W
EPCTL02,1,classical_averaged_50_shots,83,N1,N1
EPCTL02,1,classical_averaged_50_shots,84,N1,N1
EPCTL02,1,classical_averaged_50_shots,85,N1,N1
EPCTL02,1,classical_averaged_50_shots,86,N1,N1
EPCTL02,1,classical_averaged_50_shots,90,N2,N1
EPCTL02,1,classical_averaged_50_shots,91,N2,N1
EPCTL02,1,classical_averaged_50_shots,92,N2,W
EPCTL02,2,ideal,18,W,W
EPCTL02,2,ideal,19,W,W
EPCTL02,2,ideal,20,W,W
EPCTL02,2,ideal,21,W,N2
EPCTL02,2,ideal,22,W,W
EPCTL02,2,ideal,23,W,W
EPCTL02,2,ideal,72,W,W
EPCTL02,2,ideal,73,W,W
EPCTL02,2,ideal,74,W,W
EPCTL02,2,ideal,75,N1,N2
EPCTL02,2,ideal,76,N1,N2
EPCTL02,2,ideal,77,N1,N2
EPCTL02,2,ideal,78,N1,N2
EPCTL02,2,ideal,79,N1,N1
EPCTL02,2,ideal,80,N1,N2
EPCTL02,2,ideal,81,N1,N1
EPCTL02,2,ideal,82,N1,N2
EPCTL02,2,ideal,83,N1,N1
EPCTL02,2,ideal,87,N1,N1
EPCTL02,2,ideal,88,N1,N2
EPCTL02,2,ideal,89,N1,N1
EPCTL02,2,no_qec,18,W,W
EPCTL02,2,no_qec,19,W,W
EPCTL02,2,no_qec,20,W,W
EPCTL02,2,no_qec,21,W,N2
EPCTL02,2,no_qec,22,W,W
EPCTL02,2,no_qec,23,W,W
EPCTL02,2,no_qec,72,W,W
EPCTL02,2,no_qec,73,W,W
EPCTL02,2,no_qec,74,W,W
EPCTL02,2,no_qec,75,N1,N1
EPCTL02,2,no_qec,76,N1,N1
EPCTL02,2,no_qec,77,N1,N2
EPCTL02,2,no_qec,78,N1,N2
EPCTL02,2,no_qec,79,N1,N1
EPCTL02,2,no_qec,80,N1,N2
EPCTL02,2,no_qec,81,N1,N2
EPCTL02,2,no_qec,82,N1,N2
EPCTL02,2,no_qec,83,N1,N2
EPCTL02,2,no_qec,87,N1,N2
EPCTL02,2,no_qec,88,N1,N2
EPCTL02,2,no_qec,89,N1,N1
EPCTL02,2,uniform_repetition_d3,18,W,W
EPCTL02,2,uniform_repetition_d3,19,W,N2
EPCTL02,2,uniform_repetition_d3,20,W,W
EPCTL02,2,uniform_repetition_d3,21,W,N2
EPCTL02,2,uniform_repetition_d3,22,W,W
EPCTL02,2,uniform_repetition_d3,23,W,W
EPCTL02,2,uniform_repetition_d3,72,W,W
EPCTL02,2,uniform_repetition_d3,73,W,W
EPCTL02,2,uniform_repetition_d3,74,W,W
EPCTL02,2,uniform_repetition_d3,75,N1,N2
EPCTL02,2,uniform_repetition_d3,76,N1,N2
EPCTL02,2,uniform_repetition_d3,77,N1,N2
EPCTL02,2,uniform_repetition_d3,78,N1,N2
EPCTL02,2,uniform_repetition_d3,79,N1,N1
EPCTL02,2,uniform_repetition_d3,80,N1,N2
EPCTL02,2,uniform_repetition_d3,81,N1,N2
EPCTL02,2,uniform_repetition_d3,82,N1,N2
EPCTL02,2,uniform_repetition_d3,83,N1,N2
EPCTL02,2,uniform_repetition_d3,87,N1,N2
EPCTL02,2,uniform_repetition_d3,88,N1,N2
EPCTL02,2,uniform_repetition_d3,89,N1,N2
EPCTL02,2,application_aware,18,W,W
EPCTL02,2,application_aware,19,W,W
EPCTL02,2,application_aware,20,W,W
EPCTL02,2,application_aware,21,W,N2
EPCTL02,2,application_aware,22,W,W
EPCTL02,2,application_aware,23,W,W
EPCTL02,2,application_aware,72,W,W
EPCTL02,2,application_aware,73,W,W
EPCTL02,2,application_aware,74,W,W
EPCTL02,2,application_aware,75,N1,N2
EPCTL02,2,application_aware,76,N1,N2
EPCTL02,2,application_aware,77,N1,N2
EPCTL02,2,application_aware,78,N1,N2
EPCTL02,2,application_aware,79,N1,N1
EPCTL02,2,application_aware,80,N1,N2
EPCTL02,2,application_aware,81,N1,N1
EPCTL02,2,application_aware,82,N1,N2
EPCTL02,2,application_aware,83,N1,N1
EPCTL02,2,application_aware,87,N1,N1
EPCTL02,2,application_aware,88,N1,N2
EPCTL02,2,application_aware,89,N1,N1
EPCTL02,2,classical_averaged_50_shots,18,W,W
EPCTL02,2,classical_averaged_50_shots,19,W,W
EPCTL02,2,classical_averaged_50_shots,20,W,W
EPCTL02,2,classical_averaged_50_shots,21,W,N1
EPCTL02,2,classical_averaged_50_shots,22,W,W
EPCTL02,2,classical_averaged_50_shots,23,W,W
EPCTL02,2,classical_averaged_50_shots,72,W,W
EPCTL02,2,classical_averaged_50_shots,73,W,W
EPCTL02,2,classical_averaged_50_shots,74,W,W
EPCTL02,2,classical_averaged_50_shots,75,N1,N2
EPCTL02,2,classical_averaged_50_shots,76,N1,N2
EPCTL02,2,classical_averaged_50_shots,77,N1,N2
EPCTL02,2,classical_averaged_50_shots,78,N1,N2
EPCTL02,2,classical_averaged_50_shots,79,N1,N2
EPCTL02,2,classical_averaged_50_shots,80,N1,N2
EPCTL02,2,classical_averaged_50_shots,81,N1,N2
EPCTL02,2,classical_averaged_50_shots,82,N1,N2
EPCTL02,2,classical_averaged_50_shots,83,N1,N2
EPCTL02,2,classical_averaged_50_shots,87,N1,N2
EPCTL02,2,classical_averaged_50_shots,88,N1,N2
EPCTL02,2,classical_averaged_50_shots,89,N1,N2
EPCTL03,0,ideal,6,W,W
EPCTL03,0,ideal,7,W,N2
EPCTL03,0,ideal,8,W,W
EPCTL03,0,ideal,12,W,N1
EPCTL03,0,ideal,13,W,W
EPCTL03,0,ideal,14,W,W
EPCTL03,0,ideal,30,N1,W
EPCTL03,0,ideal,31,N1,W
EPCTL03,0,ideal,32,N1,N1
EPCTL03,0,ideal,33,N1,W
EPCTL03,0,ideal,34,N1,N1
EPCTL03,0,ideal,35,N1,W
EPCTL03,0,ideal,69,N2,N1
EPCTL03,0,ideal,70,N2,N2
EPCTL03,0,ideal,71,N2,N1
EPCTL03,0,ideal,78,N2,N2
EPCTL03,0,ideal,79,N2,N2
EPCTL03,0,ideal,80,N2,N2
EPCTL03,0,ideal,90,N2,N3
EPCTL03,0,ideal,91,N2,N3
EPCTL03,0,ideal,92,N2,N3
EPCTL03,0,no_qec,6,W,W
EPCTL03,0,no_qec,7,W,N2
EPCTL03,0,no_qec,8,W,W
EPCTL03,0,no_qec,12,W,W
EPCTL03,0,no_qec,13,W,W
EPCTL03,0,no_qec,14,W,W
EPCTL03,0,no_qec,30,N1,W
EPCTL03,0,no_qec,31,N1,W
EPCTL03,0,no_qec,32,N1,N1
EPCTL03,0,no_qec,33,N1,W
EPCTL03,0,no_qec,34,N1,W
EPCTL03,0,no_qec,35,N1,W
EPCTL03,0,no_qec,69,N2,N1
EPCTL03,0,no_qec,70,N2,N2
EPCTL03,0,no_qec,71,N2,N1
EPCTL03,0,no_qec,78,N2,N2
EPCTL03,0,no_qec,79,N2,N2
EPCTL03,0,no_qec,80,N2,N2
EPCTL03,0,no_qec,90,N2,N3
EPCTL03,0,no_qec,91,N2,N3
EPCTL03,0,no_qec,92,N2,N3
EPCTL03,0,uniform_repetition_d3,6,W,W
EPCTL03,0,uniform_repetition_d3,7,W,N3
EPCTL03,0,uniform_repetition_d3,8,W,W
EPCTL03,0,uniform_repetition_d3,12,W,N1
EPCTL03,0,uniform_repetition_d3,13,W,W
EPCTL03,0,uniform_repetition_d3,14,W,W
EPCTL03,0,uniform_repetition_d3,30,N1,W
EPCTL03,0,uniform_repetition_d3,31,N1,W
EPCTL03,0,uniform_repetition_d3,32,N1,N1
EPCTL03,0,uniform_repetition_d3,33,N1,W
EPCTL03,0,uniform_repetition_d3,34,N1,N1
EPCTL03,0,uniform_repetition_d3,35,N1,W
EPCTL03,0,uniform_repetition_d3,69,N2,N1
EPCTL03,0,uniform_repetition_d3,70,N2,N1
EPCTL03,0,uniform_repetition_d3,71,N2,N1
EPCTL03,0,uniform_repetition_d3,78,N2,N2
EPCTL03,0,uniform_repetition_d3,79,N2,N2
EPCTL03,0,uniform_repetition_d3,80,N2,N2
EPCTL03,0,uniform_repetition_d3,90,N2,N3
EPCTL03,0,uniform_repetition_d3,91,N2,N3
EPCTL03,0,uniform_repetition_d3,92,N2,N3
EPCTL03,0,application_aware,6,W,W
EPCTL03,0,application_aware,7,W,N3
EPCTL03,0,application_aware,8,W,W
EPCTL03,0,application_aware,12,W,N1
EPCTL03,0,application_aware,13,W,W
EPCTL03,0,application_aware,14,W,W
EPCTL03,0,application_aware,30,N1,W
EPCTL03,0,application_aware,31,N1,W
EPCTL03,0,application_aware,32,N1,N1
EPCTL03,0,application_aware,33,N1,W
EPCTL03,0,application_aware,34,N1,N1
EPCTL03,0,application_aware,35,N1,W
EPCTL03,0,application_aware,69,N2,N1
EPCTL03,0,application_aware,70,N2,N2
EPCTL03,0,application_aware,71,N2,N1
EPCTL03,0,application_aware,78,N2,N2
EPCTL03,0,application_aware,79,N2,N2
EPCTL03,0,application_aware,80,N2,N2
EPCTL03,0,application_aware,90,N2,N3
EPCTL03,0,application_aware,91,N2,N3
EPCTL03,0,application_aware,92,N2,N3
EPCTL03,0,classical_averaged_50_shots,6,W,W
EPCTL03,0,classical_averaged_50_shots,7,W,N1
EPCTL03,0,classical_averaged_50_shots,8,W,N1
EPCTL03,0,classical_averaged_50_shots,12,W,W
EPCTL03,0,classical_averaged_50_shots,13,W,W
EPCTL03,0,classical_averaged_50_shots,14,W,W
EPCTL03,0,classical_averaged_50_shots,30,N1,W
EPCTL03,0,classical_averaged_50_shots,31,N1,W
EPCTL03,0,classical_averaged_50_shots,32,N1,N1
EPCTL03,0,classical_averaged_50_shots,33,N1,W
EPCTL03,0,classical_averaged_50_shots,34,N1,W
EPCTL03,0,classical_averaged_50_shots,35,N1,W
EPCTL03,0,classical_averaged_50_shots,69,N2,N1
EPCTL03,0,classical_averaged_50_shots,70,N2,N1
EPCTL03,0,classical_averaged_50_shots,71,N2,N1
EPCTL03,0,classical_averaged_50_shots,78,N2,N1
EPCTL03,0,classical_averaged_50_shots,79,N2,N1
EPCTL03,0,classical_averaged_50_shots,80,N2,N1
EPCTL03,0,classical_averaged_50_shots,90,N2,N1
EPCTL03,0,classical_averaged_50_shots,91,N2,N1
EPCTL03,0,classical_averaged_50_shots,92,N2,N1
EPCTL03,1,ideal,9,W,W
EPCTL03,1,ideal,10,W,W
EPCTL03,1,ideal,11,W,W
EPCTL03,1,ideal,18,W,N2
EPCTL03,1,ideal,19,W,N2
EPCTL03,1,ideal,20,W,N2
EPCTL03,1,ideal,21,W,N2
EPCTL03,1,ideal,22,W,N2
EPCTL03,1,ideal,23,W,N2
EPCTL03,1,ideal,33,N1,N1
EPCTL03,1,ideal,34,N1,N1
EPCTL03,1,ideal,35,N1,W
EPCTL03,1,ideal,81,N2,N2
EPCTL03,1,ideal,82,N2,N2
EPCTL03,1,ideal,83,N2,N3
EPCTL03,1,ideal,84,N2,N3
EPCTL03,1,ideal,85,N2,N3
EPCTL03,1,ideal,86,N2,N3
EPCTL03,1,ideal,90,N2,N3
EPCTL03,1,ideal,91,N2,N3
EPCTL03,1,ideal,92,N2,N3
EPCTL03,1,no_qec,9,W,W
EPCTL03,1,no_qec,10,W,W
EPCTL03,1,no_qec,11,W,W
EPCTL03,1,no_qec,18,W,W
EPCTL03,1,no_qec,19,W,N2
EPCTL03,1,no_qec,20,W,N2
EPCTL03,1,no_qec,21,W,N2
EPCTL03,1,no_qec,22,W,N2
EPCTL03,1,no_qec,23,W,N2
EPCTL03,1,no_qec,33,N1,N1
EPCTL03,1,no_qec,34,N1,N1
EPCTL03,1,no_qec,35,N1,W
EPCTL03,1,no_qec,81,N2,N2
EPCTL03,1,no_qec,82,N2,N2
EPCTL03,1,no_qec,83,N2,N3
EPCTL03,1,no_qec,84,N2,N3
EPCTL03,1,no_qec,85,N2,N3
EPCTL03,1,no_qec,86,N2,N3
EPCTL03,1,no_qec,90,N2,N3
EPCTL03,1,no_qec,91,N2,N3
EPCTL03,1,no_qec,92,N2,N3
EPCTL03,1,uniform_repetition_d3,9,W,W
EPCTL03,1,uniform_repetition_d3,10,W,W
EPCTL03,1,uniform_repetition_d3,11,W,W
EPCTL03,1,uniform_repetition_d3,18,W,N1
EPCTL03,1,uniform_repetition_d3,19,W,N2
EPCTL03,1,uniform_repetition_d3,20,W,N2
EPCTL03,1,uniform_repetition_d3,21,W,N2
EPCTL03,1,uniform_repetition_d3,22,W,N2
EPCTL03,1,uniform_repetition_d3,23,W,N2
EPCTL03,1,uniform_repetition_d3,33,N1,N1
EPCTL03,1,uniform_repetition_d3,34,N1,N1
EPCTL03,1,uniform_repetition_d3,35,N1,W
EPCTL03,1,uniform_repetition_d3,81,N2,N2
EPCTL03,1,uniform_repetition_d3,82,N2,N2
EPCTL03,1,uniform_repetition_d3,83,N2,N3
EPCTL03,1,uniform_repetition_d3,84,N2,N3
EPCTL03,1,uniform_repetition_d3,85,N2,N3
EPCTL03,1,uniform_repetition_d3,86,N2,N3
EPCTL03,1,uniform_repetition_d3,90,N2,N3
EPCTL03,1,uniform_repetition_d3,91,N2,N3
EPCTL03,1,uniform_repetition_d3,92,N2,N3
EPCTL03,1,application_aware,9,W,W
EPCTL03,1,application_aware,10,W,W
EPCTL03,1,application_aware,11,W,W
EPCTL03,1,application_aware,18,W,N2
EPCTL03,1,application_aware,19,W,N2
EPCTL03,1,application_aware,20,W,N2
EPCTL03,1,application_aware,21,W,N2
EPCTL03,1,application_aware,22,W,N2
EPCTL03,1,application_aware,23,W,N2
EPCTL03,1,application_aware,33,N1,N1
EPCTL03,1,application_aware,34,N1,N1
EPCTL03,1,application_aware,35,N1,W
EPCTL03,1,application_aware,81,N2,N2
EPCTL03,1,application_aware,82,N2,N2
EPCTL03,1,application_aware,83,N2,N3
EPCTL03,1,application_aware,84,N2,N3
EPCTL03,1,application_aware,85,N2,N3
EPCTL03,1,application_aware,86,N2,N3
EPCTL03,1,application_aware,90,N2,N3
EPCTL03,1,application_aware,91,N2,N3
EPCTL03,1,application_aware,92,N2,N3
EPCTL03,1,classical_averaged_50_shots,9,W,N1
EPCTL03,1,classical_averaged_50_shots,10,W,N1
EPCTL03,1,classical_averaged_50_shots,11,W,N1
EPCTL03,1,classical_averaged_50_shots,18,W,N1
EPCTL03,1,classical_averaged_50_shots,19,W,N2
EPCTL03,1,classical_averaged_50_shots,20,W,N1
EPCTL03,1,classical_averaged_50_shots,21,W,N2
EPCTL03,1,classical_averaged_50_shots,22,W,N1
EPCTL03,1,classical_averaged_50_shots,23,W,N1
EPCTL03,1,classical_averaged_50_shots,33,N1,N1
EPCTL03,1,classical_averaged_50_shots,34,N1,N1
EPCTL03,1,classical_averaged_50_shots,35,N1,N1
EPCTL03,1,classical_averaged_50_shots,81,N2,N2
EPCTL03,1,classical_averaged_50_shots,82,N2,N2
EPCTL03,1,classical_averaged_50_shots,83,N2,N2
EPCTL03,1,classical_averaged_50_shots,84,N2,N2
EPCTL03,1,classical_averaged_50_shots,85,N2,N2
EPCTL03,1,classical_averaged_50_shots,86,N2,N2
EPCTL03,1,classical_averaged_50_shots,90,N2,N2
EPCTL03,1,classical_averaged_50_shots,91,N2,N2
EPCTL03,1,classical_averaged_50_shots,92,N2,N2
EPCTL03,2,ideal,18,W,N1
EPCTL03,2,ideal,19,W,N2
EPCTL03,2,ideal,20,W,N2
EPCTL03,2,ideal,21,W,N2
EPCTL03,2,ideal,22,W,N2
EPCTL03,2,ideal,23,W,N2
EPCTL03,2,ideal,72,N2,N2
EPCTL03,2,ideal,73,N2,N2
EPCTL03,2,ideal,74,N2,N2
EPCTL03,2,ideal,75,N2,N2
EPCTL03,2,ideal,76,N2,N3
EPCTL03,2,ideal,77,N2,N2
EPCTL03,2,ideal,78,N2,N2
EPCTL03,2,ideal,79,N2,N2
EPCTL03,2,ideal,80,N2,N2
EPCTL03,2,ideal,81,N2,N2
EPCTL03,2,ideal,82,N2,N2
EPCTL03,2,ideal,83,N2,N3
EPCTL03,2,ideal,87,N2,N3
EPCTL03,2,ideal,88,N2,N3
EPCTL03,2,ideal,89,N2,N3
EPCTL03,2,no_qec,18,W,N1
EPCTL03,2,no_qec,19,W,N2
EPCTL03,2,no_qec,20,W,N2
EPCTL03,2,no_qec,21,W,N2
EPCTL03,2,no_qec,22,W,N2
EPCTL03,2,no_qec,23,W,N2
EPCTL03,2,no_qec,72,N2,N2
EPCTL03,2,no_qec,73,N2,N2
EPCTL03,2,no_qec,74,N2,N2
EPCTL03,2,no_qec,75,N2,N2
EPCTL03,2,no_qec,76,N2,N3
EPCTL03,2,no_qec,77,N2,N2
EPCTL03,2,no_qec,78,N2,N2
EPCTL03,2,no_qec,79,N2,N2
EPCTL03,2,no_qec,80,N2,N2
EPCTL03,2,no_qec,81,N2,N2
EPCTL03,2,no_qec,82,N2,N2
EPCTL03,2,no_qec,83,N2,N3
EPCTL03,2,no_qec,87,N2,N3
EPCTL03,2,no_qec,88,N2,N3
EPCTL03,2,no_qec,89,N2,N3
EPCTL03,2,uniform_repetition_d3,18,W,N1
EPCTL03,2,uniform_repetition_d3,19,W,N2
EPCTL03,2,uniform_repetition_d3,20,W,N2
EPCTL03,2,uniform_repetition_d3,21,W,N2
EPCTL03,2,uniform_repetition_d3,22,W,N2
EPCTL03,2,uniform_repetition_d3,23,W,N2
EPCTL03,2,uniform_repetition_d3,72,N2,N1
EPCTL03,2,uniform_repetition_d3,73,N2,N2
EPCTL03,2,uniform_repetition_d3,74,N2,N2
EPCTL03,2,uniform_repetition_d3,75,N2,N2
EPCTL03,2,uniform_repetition_d3,76,N2,N3
EPCTL03,2,uniform_repetition_d3,77,N2,N2
EPCTL03,2,uniform_repetition_d3,78,N2,N2
EPCTL03,2,uniform_repetition_d3,79,N2,N2
EPCTL03,2,uniform_repetition_d3,80,N2,N2
EPCTL03,2,uniform_repetition_d3,81,N2,N2
EPCTL03,2,uniform_repetition_d3,82,N2,N2
EPCTL03,2,uniform_repetition_d3,83,N2,N3
EPCTL03,2,uniform_repetition_d3,87,N2,N3
EPCTL03,2,uniform_repetition_d3,88,N2,N3
EPCTL03,2,uniform_repetition_d3,89,N2,N3
EPCTL03,2,application_aware,18,W,N1
EPCTL03,2,application_aware,19,W,N2
EPCTL03,2,application_aware,20,W,N2
EPCTL03,2,application_aware,21,W,N2
EPCTL03,2,application_aware,22,W,N2
EPCTL03,2,application_aware,23,W,N2
EPCTL03,2,application_aware,72,N2,N2
EPCTL03,2,application_aware,73,N2,N2
EPCTL03,2,application_aware,74,N2,N2
EPCTL03,2,application_aware,75,N2,N2
EPCTL03,2,application_aware,76,N2,N3
EPCTL03,2,application_aware,77,N2,N2
EPCTL03,2,application_aware,78,N2,N2
EPCTL03,2,application_aware,79,N2,N2
EPCTL03,2,application_aware,80,N2,N2
EPCTL03,2,application_aware,81,N2,N2
EPCTL03,2,application_aware,82,N2,N2
EPCTL03,2,application_aware,83,N2,N3
EPCTL03,2,application_aware,87,N2,N3
EPCTL03,2,application_aware,88,N2,N3
EPCTL03,2,application_aware,89,N2,N3
EPCTL03,2,classical_averaged_50_shots,18,W,N1
EPCTL03,2,classical_averaged_50_shots,19,W,N1
EPCTL03,2,classical_averaged_50_shots,20,W,N1
EPCTL03,2,classical_averaged_50_shots,21,W,N2
EPCTL03,2,classical_averaged_50_shots,22,W,N1
EPCTL03,2,classical_averaged_50_shots,23,W,N1
EPCTL03,2,classical_averaged_50_shots,72,N2,N1
EPCTL03,2,classical_averaged_50_shots,73,N2,N1
EPCTL03,2,classical_averaged_50_shots,74,N2,N1
EPCTL03,2,classical_averaged_50_shots,75,N2,N1
EPCTL03,2,classical_averaged_50_shots,76,N2,N2
EPCTL03,2,classical_averaged_50_shots,77,N2,N1
EPCTL03,2,classical_averaged_50_shots,78,N2,N1
EPCTL03,2,classical_averaged_50_shots,79,N2,N1
EPCTL03,2,classical_averaged_50_shots,80,N2,N1
EPCTL03,2,classical_averaged_50_shots,81,N2,N1
EPCTL03,2,classical_averaged_50_shots,82,N2,N2
EPCTL03,2,classical_averaged_50_shots,83,N2,N2
EPCTL03,2,classical_averaged_50_shots,87,N2,N2
EPCTL03,2,classical_averaged_50_shots,88,N2,N2
EPCTL03,2,classical_averaged_50_shots,89,N2,N2
EPCTL04,0,ideal,3,W,W
EPCTL04,0,ideal,4,W,W
EPCTL04,0,ideal,5,W,W
EPCTL04,0,ideal,15,W,W
EPCTL04,0,ideal,16,W,N1
EPCTL04,0,ideal,17,W,N1
EPCTL04,0,ideal,33,W,W
EPCTL04,0,ideal,34,W,N1
EPCTL04,0,ideal,35,W,N1
EPCTL04,0,ideal,39,W,N1
EPCTL04,0,ideal,40,W,W
EPCTL04,0,ideal,41,W,N1
EPCTL04,0,ideal,48,W,W
EPCTL04,0,ideal,49,W,W
EPCTL04,0,ideal,50,W,W
EPCTL04,0,ideal,111,W,N1
EPCTL04,0,ideal,112,W,N1
EPCTL04,0,ideal,113,W,N1
EPCTL04,0,ideal,117,W,N1
EPCTL04,0,ideal,118,W,W
EPCTL04,0,ideal,119,W,W
EPCTL04,0,ideal,126,W,W
EPCTL04,0,ideal,127,W,N1
EPCTL04,0,ideal,128,W,N1
EPCTL04,0,ideal,129,W,N1
EPCTL04,0,ideal,130,W,N1
EPCTL04,0,ideal,131,W,N1
EPCTL04,0,ideal,150,W,N1
EPCTL04,0,ideal,151,W,N1
EPCTL04,0,ideal,152,W,W
EPCTL04,0,ideal,156,W,N1
EPCTL04,0,ideal,157,W,N1
EPCTL04,0,ideal,158,W,N1
EPCTL04,0,ideal,159,W,N1
EPCTL04,0,ideal,160,W,W
EPCTL04,0,ideal,161,W,N1
EPCTL04,0,ideal,192,W,W
EPCTL04,0,ideal,193,W,W
EPCTL04,0,ideal,194,W,W
EPCTL04,0,ideal,204,W,W
EPCTL04,0,ideal,205,W,W
EPCTL04,0,ideal,206,W,W
EPCTL04,0,ideal,213,W,N1
EPCTL04,0,ideal,214,W,N1
EPCTL04,0,ideal,215,W,W
EPCTL04,0,ideal,255,W,W
EPCTL04,0,ideal,256,W,N1
EPCTL04,0,ideal,257,W,N1
EPCTL04,0,ideal,273,W,W
EPCTL04,0,ideal,274,W,W
EPCTL04,0,ideal,275,W,W
EPCTL04,0,ideal,282,W,W
EPCTL04,0,ideal,283,W,W
EPCTL04,0,ideal,284,W,N1
EPCTL04,0,ideal,291,W,N1
EPCTL04,0,ideal,292,W,N1
EPCTL04,0,ideal,293,W,N1
EPCTL04,0,ideal,300,W,N1
EPCTL04,0,ideal,301,W,N1
EPCTL04,0,ideal,302,W,N1
EPCTL04,0,ideal,303,W,N1
EPCTL04,0,ideal,304,W,N1
EPCTL04,0,ideal,305,W,N1
EPCTL04,0,ideal,324,N1,N1
EPCTL04,0,ideal,325,N1,W
EPCTL04,0,ideal,326,N1,N1
EPCTL04,0,ideal,330,N1,N1
EPCTL04,0,ideal,331,N1,N1
EPCTL04,0,ideal,332,N1,W
EPCTL04,0,ideal,342,W,W
EPCTL04,0,ideal,343,W,W
EPCTL04,0,ideal,344,W,W
EPCTL04,0,ideal,345,W,W
EPCTL04,0,ideal,346,W,N1
EPCTL04,0,ideal,347,W,N1
EPCTL04,0,ideal,348,W,N1
EPCTL04,0,ideal,349,W,W
EPCTL04,0,ideal,350,W,N1
EPCTL04,0,ideal,390,W,W
EPCTL04,0,ideal,391,W,W
EPCTL04,0,ideal,392,W,W
EPCTL04,0,no_qec,3,W,W
EPCTL04,0,no_qec,4,W,W
EPCTL04,0,no_qec,5,W,W
EPCTL04,0,no_qec,15,W,W
EPCTL04,0,no_qec,16,W,N1
EPCTL04,0,no_qec,17,W,N1
EPCTL04,0,no_qec,33,W,W
EPCTL04,0,no_qec,34,W,N1
EPCTL04,0,no_qec,35,W,N1
EPCTL04,0,no_qec,39,W,N1
EPCTL04,0,no_qec,40,W,W
EPCTL04,0,no_qec,41,W,W
EPCTL04,0,no_qec,48,W,W
EPCTL04,0,no_qec,49,W,W
EPCTL04,0,no_qec,50,W,W
EPCTL04,0,no_qec,111,W,N1
EPCTL04,0,no_qec,112,W,N1
EPCTL04,0,no_qec,113,W,N1
EPCTL04,0,no_qec,117,W,N1
EPCTL04,0,no_qec,118,W,W
EPCTL04,0,no_qec,119,W,W
EPCTL04,0,no_qec,126,W,W
EPCTL04,0,no_qec,127,W,W
EPCTL04,0,no_qec,128,W,N1
EPCTL04,0,no_qec,129,W,N1
EPCTL04,0,no_qec,130,W,N1
EPCTL04,0,no_qec,131,W,N1
EPCTL04,0,no_qec,150,W,N1
EPCTL04,0,no_qec,151,W,N1
EPCTL04,0,no_qec,152,W,W
EPCTL04,0,no_qec,156,W,N1
EPCTL04,0,no_qec,157,W,N1
EPCTL04,0,no_qec,158,W,N1
EPCTL04,0,no_qec,159,W,N1
EPCTL04,0,no_qec,160,W,W
EPCTL04,0,no_qec,161,W,N1
EPCTL04,0,no_qec,192,W,W
EPCTL04,0,no_qec,193,W,W
EPCTL04,0,no_qec,194,W,W
EPCTL04,0,no_qec,204,W,W
EPCTL04,0,no_qec,205,W,W
EPCTL04,0,no_qec,206,W,W
EPCTL04,0,no_qec,213,W,N1
EPCTL04,0,no_qec,214,W,N1
EPCTL04,0,no_qec,215,W,W
EPCTL04,0,no_qec,255,W,W
EPCTL04,0,no_qec,256,W,N1
EPCTL04,0,no_qec,257,W,N1
EPCTL04,0,no_qec,273,W,W
EPCTL04,0,no_qec,274,W,W
EPCTL04,0,no_qec,275,W,W
EPCTL04,0,no_qec,282,W,W
EPCTL04,0,no_qec,283,W,W
EPCTL04,0,no_qec,284,W,W
EPCTL04,0,no_qec,291,W,N1
EPCTL04,0,no_qec,292,W,N1
EPCTL04,0,no_qec,293,W,N1
EPCTL04,0,no_qec,300,W,N1
EPCTL04,0,no_qec,301,W,W
EPCTL04,0,no_qec,302,W,N1
EPCTL04,0,no_qec,303,W,N1
EPCTL04,0,no_qec,304,W,N1
EPCTL04,0,no_qec,305,W,W
EPCTL04,0,no_qec,324,N1,N1
EPCTL04,0,no_qec,325,N1,W
EPCTL04,0,no_qec,326,N1,N1
EPCTL04,0,no_qec,330,N1,N1
EPCTL04,0,no_qec,331,N1,N1
EPCTL04,0,no_qec,332,N1,W
EPCTL04,0,no_qec,342,W,W
EPCTL04,0,no_qec,343,W,W
EPCTL04,0,no_qec,344,W,W
EPCTL04,0,no_qec,345,W,W
EPCTL04,0,no_qec,346,W,N1
EPCTL04,0,no_qec,347,W,N1
EPCTL04,0,no_qec,348,W,N1
EPCTL04,0,no_qec,349,W,W
EPCTL04,0,no_qec,350,W,N1
EPCTL04,0,no_qec,390,W,W
EPCTL04,0,no_qec,391,W,W
EPCTL04,0,no_qec,392,W,W
EPCTL04,0,uniform_repetition_d3,3,W,W
EPCTL04,0,uniform_repetition_d3,4,W,W
EPCTL04,0,uniform_repetition_d3,5,W,W
EPCTL04,0,uniform_repetition_d3,15,W,W
EPCTL04,0,uniform_repetition_d3,16,W,N1
EPCTL04,0,uniform_repetition_d3,17,W,N1
EPCTL04,0,uniform_repetition_d3,33,W,W
EPCTL04,0,uniform_repetition_d3,34,W,N1
EPCTL04,0,uniform_repetition_d3,35,W,N1
EPCTL04,0,uniform_repetition_d3,39,W,N1
EPCTL04,0,uniform_repetition_d3,40,W,W
EPCTL04,0,uniform_repetition_d3,41,W,N1
EPCTL04,0,uniform_repetition_d3,48,W,W
EPCTL04,0,uniform_repetition_d3,49,W,W
EPCTL04,0,uniform_repetition_d3,50,W,W
EPCTL04,0,uniform_repetition_d3,111,W,N1
EPCTL04,0,uniform_repetition_d3,112,W,N1
EPCTL04,0,uniform_repetition_d3,113,W,N1
EPCTL04,0,uniform_repetition_d3,117,W,N1
EPCTL04,0,uniform_repetition_d3,118,W,W
EPCTL04,0,uniform_repetition_d3,119,W,W
EPCTL04,0,uniform_repetition_d3,126,W,W
EPCTL04,0,uniform_repetition_d3,127,W,N1
EPCTL04,0,uniform_repetition_d3,128,W,N1
EPCTL04,0,uniform_repetition_d3,129,W,N1
EPCTL04,0,uniform_repetition_d3,130,W,N1
EPCTL04,0,uniform_repetition_d3,131,W,N1
EPCTL04,0,uniform_repetition_d3,150,W,N1
EPCTL04,0,uniform_repetition_d3,151,W,N1
EPCTL04,0,uniform_repetition_d3,152,W,W
EPCTL04,0,uniform_repetition_d3,156,W,N1
EPCTL04,0,uniform_repetition_d3,157,W,N1
EPCTL04,0,uniform_repetition_d3,158,W,N1
EPCTL04,0,uniform_repetition_d3,159,W,N1
EPCTL04,0,uniform_repetition_d3,160,W,W
EPCTL04,0,uniform_repetition_d3,161,W,N1
EPCTL04,0,uniform_repetition_d3,192,W,W
EPCTL04,0,uniform_repetition_d3,193,W,W
EPCTL04,0,uniform_repetition_d3,194,W,W
EPCTL04,0,uniform_repetition_d3,204,W,W
EPCTL04,0,uniform_repetition_d3,205,W,W
EPCTL04,0,uniform_repetition_d3,206,W,W
EPCTL04,0,uniform_repetition_d3,213,W,N1
EPCTL04,0,uniform_repetition_d3,214,W,N1
EPCTL04,0,uniform_repetition_d3,215,W,W
EPCTL04,0,uniform_repetition_d3,255,W,W
EPCTL04,0,uniform_repetition_d3,256,W,N1
EPCTL04,0,uniform_repetition_d3,257,W,N1
EPCTL04,0,uniform_repetition_d3,273,W,W
EPCTL04,0,uniform_repetition_d3,274,W,W
EPCTL04,0,uniform_repetition_d3,275,W,W
EPCTL04,0,uniform_repetition_d3,282,W,W
EPCTL04,0,uniform_repetition_d3,283,W,W
EPCTL04,0,uniform_repetition_d3,284,W,N1
EPCTL04,0,uniform_repetition_d3,291,W,N1
EPCTL04,0,uniform_repetition_d3,292,W,N1
EPCTL04,0,uniform_repetition_d3,293,W,N1
EPCTL04,0,uniform_repetition_d3,300,W,N1
EPCTL04,0,uniform_repetition_d3,301,W,N1
EPCTL04,0,uniform_repetition_d3,302,W,N1
EPCTL04,0,uniform_repetition_d3,303,W,N1
EPCTL04,0,uniform_repetition_d3,304,W,N1
EPCTL04,0,uniform_repetition_d3,305,W,N1
EPCTL04,0,uniform_repetition_d3,324,N1,N1
EPCTL04,0,uniform_repetition_d3,325,N1,W
EPCTL04,0,uniform_repetition_d3,326,N1,N1
EPCTL04,0,uniform_repetition_d3,330,N1,N1
EPCTL04,0,uniform_repetition_d3,331,N1,N1
EPCTL04,0,uniform_repetition_d3,332,N1,W
EPCTL04,0,uniform_repetition_d3,342,W,W
EPCTL04,0,uniform_repetition_d3,343,W,W
EPCTL04,0,uniform_repetition_d3,344,W,W
EPCTL04,0,uniform_repetition_d3,345,W,W
EPCTL04,0,uniform_repetition_d3,346,W,N1
EPCTL04,0,uniform_repetition_d3,347,W,N1
EPCTL04,0,uniform_repetition_d3,348,W,W
EPCTL04,0,uniform_repetition_d3,349,W,W
EPCTL04,0,uniform_repetition_d3,350,W,N1
EPCTL04,0,uniform_repetition_d3,390,W,W
EPCTL04,0,uniform_repetition_d3,391,W,W
EPCTL04,0,uniform_repetition_d3,392,W,W
EPCTL04,0,application_aware,3,W,W
EPCTL04,0,application_aware,4,W,W
EPCTL04,0,application_aware,5,W,W
EPCTL04,0,application_aware,15,W,W
EPCTL04,0,application_aware,16,W,N1
EPCTL04,0,application_aware,17,W,N1
EPCTL04,0,application_aware,33,W,W
EPCTL04,0,application_aware,34,W,N1
EPCTL04,0,application_aware,35,W,N1
EPCTL04,0,application_aware,39,W,N1
EPCTL04,0,application_aware,40,W,W
EPCTL04,0,application_aware,41,W,N1
EPCTL04,0,application_aware,48,W,W
EPCTL04,0,application_aware,49,W,W
EPCTL04,0,application_aware,50,W,W
EPCTL04,0,application_aware,111,W,N1
EPCTL04,0,application_aware,112,W,N1
EPCTL04,0,application_aware,113,W,N1
EPCTL04,0,application_aware,117,W,N1
EPCTL04,0,application_aware,118,W,W
EPCTL04,0,application_aware,119,W,W
EPCTL04,0,application_aware,126,W,W
EPCTL04,0,application_aware,127,W,N1
EPCTL04,0,application_aware,128,W,N1
EPCTL04,0,application_aware,129,W,N1
EPCTL04,0,application_aware,130,W,N1
EPCTL04,0,application_aware,131,W,N1
EPCTL04,0,application_aware,150,W,N1
EPCTL04,0,application_aware,151,W,N1
EPCTL04,0,application_aware,152,W,W
EPCTL04,0,application_aware,156,W,N1
EPCTL04,0,application_aware,157,W,N1
EPCTL04,0,application_aware,158,W,N1
EPCTL04,0,application_aware,159,W,N1
EPCTL04,0,application_aware,160,W,W
EPCTL04,0,application_aware,161,W,N1
EPCTL04,0,application_aware,192,W,W
EPCTL04,0,application_aware,193,W,W
EPCTL04,0,application_aware,194,W,W
EPCTL04,0,application_aware,204,W,W
EPCTL04,0,application_aware,205,W,W
EPCTL04,0,application_aware,206,W,W
EPCTL04,0,application_aware,213,W,N1
EPCTL04,0,application_aware,214,W,N1
EPCTL04,0,application_aware,215,W,W
EPCTL04,0,application_aware,255,W,W
EPCTL04,0,application_aware,256,W,N1
EPCTL04,0,application_aware,257,W,N1
EPCTL04,0,application_aware,273,W,W
EPCTL04,0,application_aware,274,W,W
EPCTL04,0,application_aware,275,W,W
EPCTL04,0,application_aware,282,W,W
EPCTL04,0,application_aware,283,W,W
EPCTL04,0,application_aware,284,W,N1
EPCTL04,0,application_aware,291,W,N1
EPCTL04,0,application_aware,292,W,N1
EPCTL04,0,application_aware,293,W,N1
EPCTL04,0,application_aware,300,W,N1
EPCTL04,0,application_aware,301,W,N1
EPCTL04,0,application_aware,302,W,N1
EPCTL04,0,application_aware,303,W,N1
EPCTL04,0,application_aware,304,W,N1
EPCTL04,0,application_aware,305,W,N1
EPCTL04,0,application_aware,324,N1,N1
EPCTL04,0,application_aware,325,N1,W
EPCTL04,0,application_aware,326,N1,N1
EPCTL04,0,application_aware,330,N1,N1
EPCTL04,0,application_aware,331,N1,N1
EPCTL04,0,application_aware,332,N1,W
EPCTL04,0,application_aware,342,W,W
EPCTL04,0,application_aware,343,W,W
EPCTL04,0,application_aware,344,W,W
EPCTL04,0,application_aware,345,W,W
EPCTL04,0,application_aware,346,W,N1
EPCTL04,0,application_aware,347,W,N1
EPCTL04,0,application_aware,348,W,W
EPCTL04,0,application_aware,349,W,W
EPCTL04,0,application_aware,350,W,N1
EPCTL04,0,application_aware,390,W,W
EPCTL04,0,application_aware,391,W,W
EPCTL04,0,application_aware,392,W,W
EPCTL04,0,classical_averaged_50_shots,3,W,W
EPCTL04,0,classical_averaged_50_shots,4,W,N1
EPCTL04,0,classical_averaged_50_shots,5,W,W
EPCTL04,0,classical_averaged_50_shots,15,W,W
EPCTL04,0,classical_averaged_50_shots,16,W,W
EPCTL04,0,classical_averaged_50_shots,17,W,W
EPCTL04,0,classical_averaged_50_shots,33,W,W
EPCTL04,0,classical_averaged_50_shots,34,W,W
EPCTL04,0,classical_averaged_50_shots,35,W,W
EPCTL04,0,classical_averaged_50_shots,39,W,W
EPCTL04,0,classical_averaged_50_shots,40,W,W
EPCTL04,0,classical_averaged_50_shots,41,W,W
EPCTL04,0,classical_averaged_50_shots,48,W,W
EPCTL04,0,classical_averaged_50_shots,49,W,W
EPCTL04,0,classical_averaged_50_shots,50,W,W
EPCTL04,0,classical_averaged_50_shots,111,W,W
EPCTL04,0,classical_averaged_50_shots,112,W,W
EPCTL04,0,classical_averaged_50_shots,113,W,N1
EPCTL04,0,classical_averaged_50_shots,117,W,N1
EPCTL04,0,classical_averaged_50_shots,118,W,N1
EPCTL04,0,classical_averaged_50_shots,119,W,N1
EPCTL04,0,classical_averaged_50_shots,126,W,N1
EPCTL04,0,classical_averaged_50_shots,127,W,W
EPCTL04,0,classical_averaged_50_shots,128,W,N1
EPCTL04,0,classical_averaged_50_shots,129,W,N1
EPCTL04,0,classical_averaged_50_shots,130,W,N1
EPCTL04,0,classical_averaged_50_shots,131,W,N1
EPCTL04,0,classical_averaged_50_shots,150,W,W
EPCTL04,0,classical_averaged_50_shots,151,W,W
EPCTL04,0,classical_averaged_50_shots,152,W,W
EPCTL04,0,classical_averaged_50_shots,156,W,W
EPCTL04,0,classical_averaged_50_shots,157,W,N1
EPCTL04,0,classical_averaged_50_shots,158,W,N1
EPCTL04,0,classical_averaged_50_shots,159,W,N1
EPCTL04,0,classical_averaged_50_shots,160,W,N1
EPCTL04,0,classical_averaged_50_shots,161,W,N1
EPCTL04,0,classical_averaged_50_shots,192,W,W
EPCTL04,0,classical_averaged_50_shots,193,W,W
EPCTL04,0,classical_averaged_50_shots,194,W,N1
EPCTL04,0,classical_averaged_50_shots,204,W,N1
EPCTL04,0,classical_averaged_50_shots,205,W,N1
EPCTL04,0,classical_averaged_50_shots,206,W,N1
EPCTL04,0,classical_averaged_50_shots,213,W,W
EPCTL04,0,classical_averaged_50_shots,214,W,W
EPCTL04,0,classical_averaged_50_shots,215,W,W
EPCTL04,0,classical_averaged_50_shots,255,W,N1
EPCTL04,0,classical_averaged_50_shots,256,W,W
EPCTL04,0,classical_averaged_50_shots,257,W,W
EPCTL04,0,classical_averaged_50_shots,273,W,W
EPCTL04,0,classical_averaged_50_shots,274,W,W
EPCTL04,0,classical_averaged_50_shots,275,W,W
EPCTL04,0,classical_averaged_50_shots,282,W,W
EPCTL04,0,classical_averaged_50_shots,283,W,W
EPCTL04,0,classical_averaged_50_shots,284,W,W
EPCTL04,0,classical_averaged_50_shots,291,W,W
EPCTL04,0,classical_averaged_50_shots,292,W,W
EPCTL04,0,classical_averaged_50_shots,293,W,N1
EPCTL04,0,classical_averaged_50_shots,300,W,W
EPCTL04,0,classical_averaged_50_shots,301,W,W
EPCTL04,0,classical_averaged_50_shots,302,W,N1
EPCTL04,0,classical_averaged_50_shots,303,W,N1
EPCTL04,0,classical_averaged_50_shots,304,W,N1
EPCTL04,0,classical_averaged_50_shots,305,W,W
EPCTL04,0,classical_averaged_50_shots,324,N1,W
EPCTL04,0,classical_averaged_50_shots,325,N1,N1
EPCTL04,0,classical_averaged_50_shots,326,N1,N1
EPCTL04,0,classical_averaged_50_shots,330,N1,N1
EPCTL04,0,classical_averaged_50_shots,331,N1,W
EPCTL04,0,classical_averaged_50_shots,332,N1,N1
EPCTL04,0,classical_averaged_50_shots,342,W,W
EPCTL04,0,classical_averaged_50_shots,343,W,W
EPCTL04,0,classical_averaged_50_shots,344,W,N1
EPCTL04,0,classical_averaged_50_shots,345,W,W
EPCTL04,0,classical_averaged_50_shots,346,W,W
EPCTL04,0,classical_averaged_50_shots,347,W,W
EPCTL04,0,classical_averaged_50_shots,348,W,N1
EPCTL04,0,classical_averaged_50_shots,349,W,W
EPCTL04,0,classical_averaged_50_shots,350,W,W
EPCTL04,0,classical_averaged_50_shots,390,W,W
EPCTL04,0,classical_averaged_50_shots,391,W,W
EPCTL04,0,classical_averaged_50_shots,392,W,W
EPCTL04,1,ideal,18,W,N1
EPCTL04,1,ideal,19,W,N1
EPCTL04,1,ideal,20,W,N1
EPCTL04,1,ideal,24,W,W
EPCTL04,1,ideal,25,W,W
EPCTL04,1,ideal,26,W,W
EPCTL04,1,ideal,39,W,N1
EPCTL04,1,ideal,40,W,W
EPCTL04,1,ideal,41,W,W
EPCTL04,1,ideal,60,W,W
EPCTL04,1,ideal,61,W,W
EPCTL04,1,ideal,62,W,N1
EPCTL04,1,ideal,66,W,N1
EPCTL04,1,ideal,67,W,N1
EPCTL04,1,ideal,68,W,N1
EPCTL04,1,ideal,72,W,N1
EPCTL04,1,ideal,73,W,N1
EPCTL04,1,ideal,74,W,W
EPCTL04,1,ideal,132,W,N1
EPCTL04,1,ideal,133,W,N1
EPCTL04,1,ideal,134,W,N1
EPCTL04,1,ideal,141,W,W
EPCTL04,1,ideal,142,W,N1
EPCTL04,1,ideal,143,W,N1
EPCTL04,1,ideal,156,W,N1
EPCTL04,1,ideal,157,W,N1
EPCTL04,1,ideal,158,W,N1
EPCTL04,1,ideal,162,W,N1
EPCTL04,1,ideal,163,W,N1
EPCTL04,1,ideal,164,W,W
EPCTL04,1,ideal,177,W,N1
EPCTL04,1,ideal,178,W,W
EPCTL04,1,ideal,179,W,W
EPCTL04,1,ideal,183,W,W
EPCTL04,1,ideal,184,W,N1
EPCTL04,1,ideal,185,W,W
EPCTL04,1,ideal,195,W,W
EPCTL04,1,ideal,196,W,W
EPCTL04,1,ideal,197,W,W
EPCTL04,1,ideal,210,W,W
EPCTL04,1,ideal,211,W,N1
EPCTL04,1,ideal,212,W,N1
EPCTL04,1,ideal,225,W,N1
EPCTL04,1,ideal,226,W,W
EPCTL04,1,ideal,227,W,N1
EPCTL04,1,ideal,237,W,N1
EPCTL04,1,ideal,238,W,N1
EPCTL04,1,ideal,239,W,N1
EPCTL04,1,ideal,240,W,N1
EPCTL04,1,ideal,241,W,W
EPCTL04,1,ideal,242,W,N1
EPCTL04,1,ideal,264,W,W
EPCTL04,1,ideal,265,W,W
EPCTL04,1,ideal,266,W,W
EPCTL04,1,ideal,291,W,N1
EPCTL04,1,ideal,292,W,N1
EPCTL04,1,ideal,293,W,N1
EPCTL04,1,ideal,309,W,N1
EPCTL04,1,ideal,310,W,N1
EPCTL04,1,ideal,311,W,N1
EPCTL04,1,ideal,312,W,W
EPCTL04,1,ideal,313,W,W
EPCTL04,1,ideal,314,W,N1
EPCTL04,1,ideal,315,W,W
EPCTL04,1,ideal,316,W,N1
EPCTL04,1,ideal,317,W,W
EPCTL04,1,ideal,342,W,W
EPCTL04,1,ideal,343,W,W
EPCTL04,1,ideal,344,W,W
EPCTL04,1,ideal,351,W,N1
EPCTL04,1,ideal,352,W,N1
EPCTL04,1,ideal,353,W,W
EPCTL04,1,ideal,354,W,W
EPCTL04,1,ideal,355,W,N1
EPCTL04,1,ideal,356,W,W
EPCTL04,1,ideal,363,W,N1
EPCTL04,1,ideal,364,W,N1
EPCTL04,1,ideal,365,W,N1
EPCTL04,1,ideal,366,W,N1
EPCTL04,1,ideal,367,W,W
EPCTL04,1,ideal,368,W,N1
EPCTL04,1,no_qec,18,W,N1
EPCTL04,1,no_qec,19,W,N1
EPCTL04,1,no_qec,20,W,N1
EPCTL04,1,no_qec,24,W,W
EPCTL04,1,no_qec,25,W,W
EPCTL04,1,no_qec,26,W,W
EPCTL04,1,no_qec,39,W,N1
EPCTL04,1,no_qec,40,W,W
EPCTL04,1,no_qec,41,W,W
EPCTL04,1,no_qec,60,W,W
EPCTL04,1,no_qec,61,W,W
EPCTL04,1,no_qec,62,W,N1
EPCTL04,1,no_qec,66,W,N1
EPCTL04,1,no_qec,67,W,N1
EPCTL04,1,no_qec,68,W,N1
EPCTL04,1,no_qec,72,W,N1
EPCTL04,1,no_qec,73,W,N1
EPCTL04,1,no_qec,74,W,W
EPCTL04,1,no_qec,132,W,N1
EPCTL04,1,no_qec,133,W,N1
EPCTL04,1,no_qec,134,W,N1
EPCTL04,1,no_qec,141,W,W
EPCTL04,1,no_qec,142,W,N1
EPCTL04,1,no_qec,143,W,N1
EPCTL04,1,no_qec,156,W,N1
EPCTL04,1,no_qec,157,W,N1
EPCTL04,1,no_qec,158,W,N1
EPCTL04,1,no_qec,162,W,N1
EPCTL04,1,no_qec,163,W,N1
EPCTL04,1,no_qec,164,W,W
EPCTL04,1,no_qec,177,W,N1
EPCTL04,1,no_qec,178,W,W
EPCTL04,1,no_qec,179,W,W
EPCTL04,1,no_qec,183,W,W
EPCTL04,1,no_qec,184,W,N1
EPCTL04,1,no_qec,185,W,W
EPCTL04,1,no_qec,195,W,W
EPCTL04,1,no_qec,196,W,W
EPCTL04,1,no_qec,197,W,W
EPCTL04,1,no_qec,210,W,W
EPCTL04,1,no_qec,211,W,N1
EPCTL04,1,no_qec,212,W,N1
EPCTL04,1,no_qec,225,W,N1
EPCTL04,1,no_qec,226,W,W
EPCTL04,1,no_qec,227,W,N1
EPCTL04,1,no_qec,237,W,N1
EPCTL04,1,no_qec,238,W,N1
EPCTL04,1,no_qec,239,W,N1
EPCTL04,1,no_qec,240,W,N1
EPCTL04,1,no_qec,241,W,W
EPCTL04,1,no_qec,242,W,W
EPCTL04,1,no_qec,264,W,W
EPCTL04,1,no_qec,265,W,W
EPCTL04,1,no_qec,266,W,W
EPCTL04,1,no_qec,291,W,N1
EPCTL04,1,no_qec,292,W,N1
EPCTL04,1,no_qec,293,W,N1
EPCTL04,1,no_qec,309,W,N1
EPCTL04,1,no_qec,310,W,W
EPCTL04,1,no_qec,311,W,N1
EPCTL04,1,no_qec,312,W,W
EPCTL04,1,no_qec,313,W,W
EPCTL04,1,no_qec,314,W,W
EPCTL04,1,no_qec,315,W,W
EPCTL04,1,no_qec,316,W,N1
EPCTL04,1,no_qec,317,W,W
EPCTL04,1,no_qec,342,W,W
EPCTL04,1,no_qec,343,W,W
EPCTL04,1,no_qec,344,W,W
EPCTL04,1,no_qec,351,W,N1
EPCTL04,1,no_qec,352,W,N1
EPCTL04,1,no_qec,353,W,W
EPCTL04,1,no_qec,354,W,W
EPCTL04,1,no_qec,355,W,N1
EPCTL04,1,no_qec,356,W,W
EPCTL04,1,no_qec,363,W,N1
EPCTL04,1,no_qec,364,W,N1
EPCTL04,1,no_qec,365,W,N1
EPCTL04,1,no_qec,366,W,N1
EPCTL04,1,no_qec,367,W,W
EPCTL04,1,no_qec,368,W,N1
EPCTL04,1,uniform_repetition_d3,18,W,N1
EPCTL04,1,uniform_repetition_d3,19,W,N1
EPCTL04,1,uniform_repetition_d3,20,W,N1
EPCTL04,1,uniform_repetition_d3,24,W,W
EPCTL04,1,uniform_repetition_d3,25,W,W
EPCTL04,1,uniform_repetition_d3,26,W,W
EPCTL04,1,uniform_repetition_d3,39,W,N1
EPCTL04,1,uniform_repetition_d3,40,W,W
EPCTL04,1,uniform_repetition_d3,41,W,W
EPCTL04,1,uniform_repetition_d3,60,W,W
EPCTL04,1,uniform_repetition_d3,61,W,W
EPCTL04,1,uniform_repetition_d3,62,W,N1
EPCTL04,1,uniform_repetition_d3,66,W,N1
EPCTL04,1,uniform_repetition_d3,67,W,N1
EPCTL04,1,uniform_repetition_d3,68,W,N1
EPCTL04,1,uniform_repetition_d3,72,W,W
EPCTL04,1,uniform_repetition_d3,73,W,N1
EPCTL04,1,uniform_repetition_d3,74,W,W
EPCTL04,1,uniform_repetition_d3,132,W,N1
EPCTL04,1,uniform_repetition_d3,133,W,N1
EPCTL04,1,uniform_repetition_d3,134,W,N1
EPCTL04,1,uniform_repetition_d3,141,W,W
EPCTL04,1,uniform_repetition_d3,142,W,N1
EPCTL04,1,uniform_repetition_d3,143,W,N1
EPCTL04,1,uniform_repetition_d3,156,W,N1
EPCTL04,1,uniform_repetition_d3,157,W,N1
EPCTL04,1,uniform_repetition_d3,158,W,N1
EPCTL04,1,uniform_repetition_d3,162,W,N1
EPCTL04,1,uniform_repetition_d3,163,W,N1
EPCTL04,1,uniform_repetition_d3,164,W,W
EPCTL04,1,uniform_repetition_d3,177,W,N1
EPCTL04,1,uniform_repetition_d3,178,W,W
EPCTL04,1,uniform_repetition_d3,179,W,W
EPCTL04,1,uniform_repetition_d3,183,W,W
EPCTL04,1,uniform_repetition_d3,184,W,N1
EPCTL04,1,uniform_repetition_d3,185,W,W
EPCTL04,1,uniform_repetition_d3,195,W,W
EPCTL04,1,uniform_repetition_d3,196,W,W
EPCTL04,1,uniform_repetition_d3,197,W,W
EPCTL04,1,uniform_repetition_d3,210,W,W
EPCTL04,1,uniform_repetition_d3,211,W,N1
EPCTL04,1,uniform_repetition_d3,212,W,N1
EPCTL04,1,uniform_repetition_d3,225,W,N1
EPCTL04,1,uniform_repetition_d3,226,W,W
EPCTL04,1,uniform_repetition_d3,227,W,N1
EPCTL04,1,uniform_repetition_d3,237,W,N1
EPCTL04,1,uniform_repetition_d3,238,W,N1
EPCTL04,1,uniform_repetition_d3,239,W,N1
EPCTL04,1,uniform_repetition_d3,240,W,N1
EPCTL04,1,uniform_repetition_d3,241,W,W
EPCTL04,1,uniform_repetition_d3,242,W,N1
EPCTL04,1,uniform_repetition_d3,264,W,W
EPCTL04,1,uniform_repetition_d3,265,W,W
EPCTL04,1,uniform_repetition_d3,266,W,W
EPCTL04,1,uniform_repetition_d3,291,W,N1
EPCTL04,1,uniform_repetition_d3,292,W,N1
EPCTL04,1,uniform_repetition_d3,293,W,N1
EPCTL04,1,uniform_repetition_d3,309,W,N1
EPCTL04,1,uniform_repetition_d3,310,W,N1
EPCTL04,1,uniform_repetition_d3,311,W,N1
EPCTL04,1,uniform_repetition_d3,312,W,W
EPCTL04,1,uniform_repetition_d3,313,W,W
EPCTL04,1,uniform_repetition_d3,314,W,W
EPCTL04,1,uniform_repetition_d3,315,W,W
EPCTL04,1,uniform_repetition_d3,316,W,N1
EPCTL04,1,uniform_repetition_d3,317,W,W
EPCTL04,1,uniform_repetition_d3,342,W,W
EPCTL04,1,uniform_repetition_d3,343,W,W
EPCTL04,1,uniform_repetition_d3,344,W,W
EPCTL04,1,uniform_repetition_d3,351,W,N1
EPCTL04,1,uniform_repetition_d3,352,W,N1
EPCTL04,1,uniform_repetition_d3,353,W,W
EPCTL04,1,uniform_repetition_d3,354,W,W
EPCTL04,1,uniform_repetition_d3,355,W,N1
EPCTL04,1,uniform_repetition_d3,356,W,W
EPCTL04,1,uniform_repetition_d3,363,W,N1
EPCTL04,1,uniform_repetition_d3,364,W,N1
EPCTL04,1,uniform_repetition_d3,365,W,N1
EPCTL04,1,uniform_repetition_d3,366,W,N1
EPCTL04,1,uniform_repetition_d3,367,W,W
EPCTL04,1,uniform_repetition_d3,368,W,N1
EPCTL04,1,application_aware,18,W,N1
EPCTL04,1,application_aware,19,W,N1
EPCTL04,1,application_aware,20,W,N1
EPCTL04,1,application_aware,24,W,W
EPCTL04,1,application_aware,25,W,W
EPCTL04,1,application_aware,26,W,W
EPCTL04,1,application_aware,39,W,N1
EPCTL04,1,application_aware,40,W,W
EPCTL04,1,application_aware,41,W,W
EPCTL04,1,application_aware,60,W,W
EPCTL04,1,application_aware,61,W,W
EPCTL04,1,application_aware,62,W,N1
EPCTL04,1,application_aware,66,W,N1
EPCTL04,1,application_aware,67,W,N1
EPCTL04,1,application_aware,68,W,N1
EPCTL04,1,application_aware,72,W,N1
EPCTL04,1,application_aware,73,W,N1
EPCTL04,1,application_aware,74,W,W
EPCTL04,1,application_aware,132,W,N1
EPCTL04,1,application_aware,133,W,N1
EPCTL04,1,application_aware,134,W,N1
EPCTL04,1,application_aware,141,W,W
EPCTL04,1,application_aware,142,W,N1
EPCTL04,1,application_aware,143,W,N1
EPCTL04,1,application_aware,156,W,N1
EPCTL04,1,application_aware,157,W,N1
EPCTL04,1,application_aware,158,W,N1
EPCTL04,1,application_aware,162,W,N1
EPCTL04,1,application_aware,163,W,N1
EPCTL04,1,application_aware,164,W,W
EPCTL04,1,application_aware,177,W,N1
EPCTL04,1,application_aware,178,W,W
EPCTL04,1,application_aware,179,W,W
EPCTL04,1,application_aware,183,W,W
EPCTL04,1,application_aware,184,W,N1
EPCTL04,1,application_aware,185,W,W
EPCTL04,1,application_aware,195,W,W
EPCTL04,1,application_aware,196,W,W
EPCTL04,1,application_aware,197,W,W
EPCTL04,1,application_aware,210,W,W
EPCTL04,1,application_aware,211,W,N1
EPCTL04,1,application_aware,212,W,N1
EPCTL04,1,application_aware,225,W,N1
EPCTL04,1,application_aware,226,W,W
EPCTL04,1,application_aware,227,W,N1
EPCTL04,1,application_aware,237,W,N1
EPCTL04,1,application_aware,238,W,N1
EPCTL04,1,application_aware,239,W,N1
EPCTL04,1,application_aware,240,W,N1
EPCTL04,1,application_aware,241,W,W
EPCTL04,1,application_aware,242,W,N1
EPCTL04,1,application_aware,264,W,W
EPCTL04,1,application_aware,265,W,W
EPCTL04,1,application_aware,266,W,W
EPCTL04,1,application_aware,291,W,N1
EPCTL04,1,application_aware,292,W,N1
EPCTL04,1,application_aware,293,W,N1
EPCTL04,1,application_aware,309,W,N1
EPCTL04,1,application_aware,310,W,N1
EPCTL04,1,application_aware,311,W,N1
EPCTL04,1,application_aware,312,W,W
EPCTL04,1,application_aware,313,W,W
EPCTL04,1,application_aware,314,W,N1
EPCTL04,1,application_aware,315,W,W
EPCTL04,1,application_aware,316,W,N1
EPCTL04,1,application_aware,317,W,W
EPCTL04,1,application_aware,342,W,W
EPCTL04,1,application_aware,343,W,W
EPCTL04,1,application_aware,344,W,W
EPCTL04,1,application_aware,351,W,N1
EPCTL04,1,application_aware,352,W,N1
EPCTL04,1,application_aware,353,W,W
EPCTL04,1,application_aware,354,W,W
EPCTL04,1,application_aware,355,W,N1
EPCTL04,1,application_aware,356,W,W
EPCTL04,1,application_aware,363,W,N1
EPCTL04,1,application_aware,364,W,N1
EPCTL04,1,application_aware,365,W,N1
EPCTL04,1,application_aware,366,W,N1
EPCTL04,1,application_aware,367,W,W
EPCTL04,1,application_aware,368,W,N1
EPCTL04,1,classical_averaged_50_shots,18,W,N1
EPCTL04,1,classical_averaged_50_shots,19,W,N1
EPCTL04,1,classical_averaged_50_shots,20,W,N1
EPCTL04,1,classical_averaged_50_shots,24,W,W
EPCTL04,1,classical_averaged_50_shots,25,W,W
EPCTL04,1,classical_averaged_50_shots,26,W,W
EPCTL04,1,classical_averaged_50_shots,39,W,N1
EPCTL04,1,classical_averaged_50_shots,40,W,W
EPCTL04,1,classical_averaged_50_shots,41,W,N1
EPCTL04,1,classical_averaged_50_shots,60,W,W
EPCTL04,1,classical_averaged_50_shots,61,W,W
EPCTL04,1,classical_averaged_50_shots,62,W,N1
EPCTL04,1,classical_averaged_50_shots,66,W,N1
EPCTL04,1,classical_averaged_50_shots,67,W,N1
EPCTL04,1,classical_averaged_50_shots,68,W,N1
EPCTL04,1,classical_averaged_50_shots,72,W,N1
EPCTL04,1,classical_averaged_50_shots,73,W,N1
EPCTL04,1,classical_averaged_50_shots,74,W,W
EPCTL04,1,classical_averaged_50_shots,132,W,N1
EPCTL04,1,classical_averaged_50_shots,133,W,N1
EPCTL04,1,classical_averaged_50_shots,134,W,N1
EPCTL04,1,classical_averaged_50_shots,141,W,W
EPCTL04,1,classical_averaged_50_shots,142,W,N1
EPCTL04,1,classical_averaged_50_shots,143,W,N1
EPCTL04,1,classical_averaged_50_shots,156,W,N1
EPCTL04,1,classical_averaged_50_shots,157,W,N1
EPCTL04,1,classical_averaged_50_shots,158,W,N1
EPCTL04,1,classical_averaged_50_shots,162,W,N1
EPCTL04,1,classical_averaged_50_shots,163,W,N1
EPCTL04,1,classical_averaged_50_shots,164,W,N1
EPCTL04,1,classical_averaged_50_shots,177,W,N1
EPCTL04,1,classical_averaged_50_shots,178,W,W
EPCTL04,1,classical_averaged_50_shots,179,W,W
EPCTL04,1,classical_averaged_50_shots,183,W,W
EPCTL04,1,classical_averaged_50_shots,184,W,N1
EPCTL04,1,classical_averaged_50_shots,185,W,W
EPCTL04,1,classical_averaged_50_shots,195,W,W
EPCTL04,1,classical_averaged_50_shots,196,W,W
EPCTL04,1,classical_averaged_50_shots,197,W,W
EPCTL04,1,classical_averaged_50_shots,210,W,W
EPCTL04,1,classical_averaged_50_shots,211,W,N1
EPCTL04,1,classical_averaged_50_shots,212,W,N1
EPCTL04,1,classical_averaged_50_shots,225,W,N1
EPCTL04,1,classical_averaged_50_shots,226,W,N1
EPCTL04,1,classical_averaged_50_shots,227,W,N1
EPCTL04,1,classical_averaged_50_shots,237,W,N1
EPCTL04,1,classical_averaged_50_shots,238,W,N1
EPCTL04,1,classical_averaged_50_shots,239,W,N1
EPCTL04,1,classical_averaged_50_shots,240,W,N1
EPCTL04,1,classical_averaged_50_shots,241,W,N1
EPCTL04,1,classical_averaged_50_shots,242,W,N1
EPCTL04,1,classical_averaged_50_shots,264,W,W
EPCTL04,1,classical_averaged_50_shots,265,W,W
EPCTL04,1,classical_averaged_50_shots,266,W,W
EPCTL04,1,classical_averaged_50_shots,291,W,N1
EPCTL04,1,classical_averaged_50_shots,292,W,N1
EPCTL04,1,classical_averaged_50_shots,293,W,N1
EPCTL04,1,classical_averaged_50_shots,309,W,N1
EPCTL04,1,classical_averaged_50_shots,310,W,N1
EPCTL04,1,classical_averaged_50_shots,311,W,N1
EPCTL04,1,classical_averaged_50_shots,312,W,N1
EPCTL04,1,classical_averaged_50_shots,313,W,N1
EPCTL04,1,classical_averaged_50_shots,314,W,N1
EPCTL04,1,classical_averaged_50_shots,315,W,N1
EPCTL04,1,classical_averaged_50_shots,316,W,N1
EPCTL04,1,classical_averaged_50_shots,317,W,N1
EPCTL04,1,classical_averaged_50_shots,342,W,W
EPCTL04,1,classical_averaged_50_shots,343,W,W
EPCTL04,1,classical_averaged_50_shots,344,W,W
EPCTL04,1,classical_averaged_50_shots,351,W,N1
EPCTL04,1,classical_averaged_50_shots,352,W,N1
EPCTL04,1,classical_averaged_50_shots,353,W,N1
EPCTL04,1,classical_averaged_50_shots,354,W,N1
EPCTL04,1,classical_averaged_50_shots,355,W,N1
EPCTL04,1,classical_averaged_50_shots,356,W,W
EPCTL04,1,classical_averaged_50_shots,363,W,N1
EPCTL04,1,classical_averaged_50_shots,364,W,N1
EPCTL04,1,classical_averaged_50_shots,365,W,N1
EPCTL04,1,classical_averaged_50_shots,366,W,N1
EPCTL04,1,classical_averaged_50_shots,367,W,W
EPCTL04,1,classical_averaged_50_shots,368,W,N1
EPCTL04,2,ideal,12,W,W
EPCTL04,2,ideal,13,W,N1
EPCTL04,2,ideal,14,W,W
EPCTL04,2,ideal,21,W,N1
EPCTL04,2,ideal,22,W,N1
EPCTL04,2,ideal,23,W,N1
EPCTL04,2,ideal,42,W,W
EPCTL04,2,ideal,43,W,W
EPCTL04,2,ideal,44,W,W
EPCTL04,2,ideal,78,W,N1
EPCTL04,2,ideal,79,W,N1
EPCTL04,2,ideal,80,W,W
EPCTL04,2,ideal,81,W,N1
EPCTL04,2,ideal,82,W,N1
EPCTL04,2,ideal,83,W,N1
EPCTL04,2,ideal,120,W,N1
EPCTL04,2,ideal,121,W,N1
EPCTL04,2,ideal,122,W,N1
EPCTL04,2,ideal,126,W,N1
EPCTL04,2,ideal,127,W,W
EPCTL04,2,ideal,128,W,N1
EPCTL04,2,ideal,135,W,N1
EPCTL04,2,ideal,136,W,N1
EPCTL04,2,ideal,137,W,W
EPCTL04,2,ideal,141,W,W
EPCTL04,2,ideal,142,W,W
EPCTL04,2,ideal,143,W,W
EPCTL04,2,ideal,144,W,W
EPCTL04,2,ideal,145,W,W
EPCTL04,2,ideal,146,W,W
EPCTL04,2,ideal,147,W,W
EPCTL04,2,ideal,148,W,N1
EPCTL04,2,ideal,149,W,W
EPCTL04,2,ideal,153,W,N1
EPCTL04,2,ideal,154,W,W
EPCTL04,2,ideal,155,W,W
EPCTL04,2,ideal,156,W,N1
EPCTL04,2,ideal,157,W,N1
EPCTL04,2,ideal,158,W,N1
EPCTL04,2,ideal,168,W,N1
EPCTL04,2,ideal,169,W,N1
EPCTL04,2,ideal,170,W,N1
EPCTL04,2,ideal,198,W,W
EPCTL04,2,ideal,199,W,W
EPCTL04,2,ideal,200,W,N1
EPCTL04,2,ideal,207,W,N1
EPCTL04,2,ideal,208,W,W
EPCTL04,2,ideal,209,W,W
EPCTL04,2,ideal,228,W,N1
EPCTL04,2,ideal,229,W,N1
EPCTL04,2,ideal,230,W,N1
EPCTL04,2,ideal,246,W,W
EPCTL04,2,ideal,247,W,N1
EPCTL04,2,ideal,248,W,N1
EPCTL04,2,ideal,279,W,W
EPCTL04,2,ideal,280,W,W
EPCTL04,2,ideal,281,W,W
EPCTL04,2,ideal,291,W,W
EPCTL04,2,ideal,292,W,W
EPCTL04,2,ideal,293,W,N1
EPCTL04,2,ideal,294,W,W
EPCTL04,2,ideal,295,W,N1
EPCTL04,2,ideal,296,W,W
EPCTL04,2,ideal,309,W,N1
EPCTL04,2,ideal,310,W,N1
EPCTL04,2,ideal,311,W,N1
EPCTL04,2,ideal,339,W,N1
EPCTL04,2,ideal,340,W,W
EPCTL04,2,ideal,341,W,W
EPCTL04,2,ideal,357,W,W
EPCTL04,2,ideal,358,W,N1
EPCTL04,2,ideal,359,W,N1
EPCTL04,2,ideal,360,W,N1
EPCTL04,2,ideal,361,W,N1
EPCTL04,2,ideal,362,W,N1
EPCTL04,2,ideal,363,W,N1
EPCTL04,2,ideal,364,W,N1
EPCTL04,2,ideal,365,W,N1
EPCTL04,2,ideal,366,W,N1
EPCTL04,2,ideal,367,W,W
EPCTL04,2,ideal,368,W,N1
EPCTL04,2,no_qec,12,W,W
EPCTL04,2,no_qec,13,W,N1
EPCTL04,2,no_qec,14,W,W
EPCTL04,2,no_qec,21,W,N1
EPCTL04,2,no_qec,22,W,N1
EPCTL04,2,no_qec,23,W,N1
EPCTL04,2,no_qec,42,W,W
EPCTL04,2,no_qec,43,W,W
EPCTL04,2,no_qec,44,W,W
EPCTL04,2,no_qec,78,W,N1
EPCTL04,2,no_qec,79,W,N1
EPCTL04,2,no_qec,80,W,W
EPCTL04,2,no_qec,81,W,N1
EPCTL04,2,no_qec,82,W,N1
EPCTL04,2,no_qec,83,W,N1
EPCTL04,2,no_qec,120,W,N1
EPCTL04,2,no_qec,121,W,N1
EPCTL04,2,no_qec,122,W,N1
EPCTL04,2,no_qec,126,W,N1
EPCTL04,2,no_qec,127,W,W
EPCTL04,2,no_qec,128,W,N1
EPCTL04,2,no_qec,135,W,N1
EPCTL04,2,no_qec,136,W,N1
EPCTL04,2,no_qec,137,W,W
EPCTL04,2,no_qec,141,W,W
EPCTL04,2,no_qec,142,W,W
EPCTL04,2,no_qec,143,W,W
EPCTL04,2,no_qec,144,W,W
EPCTL04,2,no_qec,145,W,W
EPCTL04,2,no_qec,146,W,W
EPCTL04,2,no_qec,147,W,W
EPCTL04,2,no_qec,148,W,N1
EPCTL04,2,no_qec,149,W,W
EPCTL04,2,no_qec,153,W,N1
EPCTL04,2,no_qec,154,W,W
EPCTL04,2,no_qec,155,W,W
EPCTL04,2,no_qec,156,W,N1
EPCTL04,2,no_qec,157,W,N1
EPCTL04,2,no_qec,158,W,N1
EPCTL04,2,no_qec,168,W,N1
EPCTL04,2,no_qec,169,W,N1
EPCTL04,2,no_qec,170,W,N1
EPCTL04,2,no_qec,198,W,W
EPCTL04,2,no_qec,199,W,W
EPCTL04,2,no_qec,200,W,N1
EPCTL04,2,no_qec,207,W,N1
EPCTL04,2,no_qec,208,W,W
EPCTL04,2,no_qec,209,W,W
EPCTL04,2,no_qec,228,W,N1
EPCTL04,2,no_qec,229,W,N1
EPCTL04,2,no_qec,230,W,N1
EPCTL04,2,no_qec,246,W,W
EPCTL04,2,no_qec,247,W,N1
EPCTL04,2,no_qec,248,W,N1
EPCTL04,2,no_qec,279,W,W
EPCTL04,2,no_qec,280,W,W
EPCTL04,2,no_qec,281,W,W
EPCTL04,2,no_qec,291,W,W
EPCTL04,2,no_qec,292,W,W
EPCTL04,2,no_qec,293,W,N1
EPCTL04,2,no_qec,294,W,W
EPCTL04,2,no_qec,295,W,N1
EPCTL04,2,no_qec,296,W,W
EPCTL04,2,no_qec,309,W,N1
EPCTL04,2,no_qec,310,W,N1
EPCTL04,2,no_qec,311,W,N1
EPCTL04,2,no_qec,339,W,N1
EPCTL04,2,no_qec,340,W,W
EPCTL04,2,no_qec,341,W,W
EPCTL04,2,no_qec,357,W,W
EPCTL04,2,no_qec,358,W,N1
EPCTL04,2,no_qec,359,W,N1
EPCTL04,2,no_qec,360,W,N1
EPCTL04,2,no_qec,361,W,N1
EPCTL04,2,no_qec,362,W,N1
EPCTL04,2,no_qec,363,W,N1
EPCTL04,2,no_qec,364,W,N1
EPCTL04,2,no_qec,365,W,N1
EPCTL04,2,no_qec,366,W,N1
EPCTL04,2,no_qec,367,W,W
EPCTL04,2,no_qec,368,W,N1
EPCTL04,2,uniform_repetition_d3,12,W,W
EPCTL04,2,uniform_repetition_d3,13,W,N1
EPCTL04,2,uniform_repetition_d3,14,W,W
EPCTL04,2,uniform_repetition_d3,21,W,N1
EPCTL04,2,uniform_repetition_d3,22,W,N1
EPCTL04,2,uniform_repetition_d3,23,W,N1
EPCTL04,2,uniform_repetition_d3,42,W,W
EPCTL04,2,uniform_repetition_d3,43,W,W
EPCTL04,2,uniform_repetition_d3,44,W,W
EPCTL04,2,uniform_repetition_d3,78,W,N1
EPCTL04,2,uniform_repetition_d3,79,W,N1
EPCTL04,2,uniform_repetition_d3,80,W,W
EPCTL04,2,uniform_repetition_d3,81,W,N1
EPCTL04,2,uniform_repetition_d3,82,W,N1
EPCTL04,2,uniform_repetition_d3,83,W,N1
EPCTL04,2,uniform_repetition_d3,120,W,N1
EPCTL04,2,uniform_repetition_d3,121,W,N1
EPCTL04,2,uniform_repetition_d3,122,W,N1
EPCTL04,2,uniform_repetition_d3,126,W,N1
EPCTL04,2,uniform_repetition_d3,127,W,W
EPCTL04,2,uniform_repetition_d3,128,W,N1
EPCTL04,2,uniform_repetition_d3,135,W,N1
EPCTL04,2,uniform_repetition_d3,136,W,N1
EPCTL04,2,uniform_repetition_d3,137,W,W
EPCTL04,2,uniform_repetition_d3,141,W,W
EPCTL04,2,uniform_repetition_d3,142,W,W
EPCTL04,2,uniform_repetition_d3,143,W,W
EPCTL04,2,uniform_repetition_d3,144,W,W
EPCTL04,2,uniform_repetition_d3,145,W,W
EPCTL04,2,uniform_repetition_d3,146,W,W
EPCTL04,2,uniform_repetition_d3,147,W,W
EPCTL04,2,uniform_repetition_d3,148,W,N1
EPCTL04,2,uniform_repetition_d3,149,W,W
EPCTL04,2,uniform_repetition_d3,153,W,N1
EPCTL04,2,uniform_repetition_d3,154,W,W
EPCTL04,2,uniform_repetition_d3,155,W,W
EPCTL04,2,uniform_repetition_d3,156,W,N1
EPCTL04,2,uniform_repetition_d3,157,W,N1
EPCTL04,2,uniform_repetition_d3,158,W,N1
EPCTL04,2,uniform_repetition_d3,168,W,N1
EPCTL04,2,uniform_repetition_d3,169,W,N1
EPCTL04,2,uniform_repetition_d3,170,W,N1
EPCTL04,2,uniform_repetition_d3,198,W,W
EPCTL04,2,uniform_repetition_d3,199,W,W
EPCTL04,2,uniform_repetition_d3,200,W,N1
EPCTL04,2,uniform_repetition_d3,207,W,N1
EPCTL04,2,uniform_repetition_d3,208,W,W
EPCTL04,2,uniform_repetition_d3,209,W,W
EPCTL04,2,uniform_repetition_d3,228,W,N1
EPCTL04,2,uniform_repetition_d3,229,W,N1
EPCTL04,2,uniform_repetition_d3,230,W,N1
EPCTL04,2,uniform_repetition_d3,246,W,W
EPCTL04,2,uniform_repetition_d3,247,W,N1
EPCTL04,2,uniform_repetition_d3,248,W,N1
EPCTL04,2,uniform_repetition_d3,279,W,W
EPCTL04,2,uniform_repetition_d3,280,W,W
EPCTL04,2,uniform_repetition_d3,281,W,W
EPCTL04,2,uniform_repetition_d3,291,W,W
EPCTL04,2,uniform_repetition_d3,292,W,W
EPCTL04,2,uniform_repetition_d3,293,W,N1
EPCTL04,2,uniform_repetition_d3,294,W,W
EPCTL04,2,uniform_repetition_d3,295,W,N1
EPCTL04,2,uniform_repetition_d3,296,W,W
EPCTL04,2,uniform_repetition_d3,309,W,N1
EPCTL04,2,uniform_repetition_d3,310,W,N1
EPCTL04,2,uniform_repetition_d3,311,W,N1
EPCTL04,2,uniform_repetition_d3,339,W,N1
EPCTL04,2,uniform_repetition_d3,340,W,W
EPCTL04,2,uniform_repetition_d3,341,W,W
EPCTL04,2,uniform_repetition_d3,357,W,W
EPCTL04,2,uniform_repetition_d3,358,W,N1
EPCTL04,2,uniform_repetition_d3,359,W,N1
EPCTL04,2,uniform_repetition_d3,360,W,N1
EPCTL04,2,uniform_repetition_d3,361,W,N1
EPCTL04,2,uniform_repetition_d3,362,W,N1
EPCTL04,2,uniform_repetition_d3,363,W,N1
EPCTL04,2,uniform_repetition_d3,364,W,N1
EPCTL04,2,uniform_repetition_d3,365,W,N1
EPCTL04,2,uniform_repetition_d3,366,W,N1
EPCTL04,2,uniform_repetition_d3,367,W,W
EPCTL04,2,uniform_repetition_d3,368,W,N1
EPCTL04,2,application_aware,12,W,W
EPCTL04,2,application_aware,13,W,N1
EPCTL04,2,application_aware,14,W,W
EPCTL04,2,application_aware,21,W,N1
EPCTL04,2,application_aware,22,W,N1
EPCTL04,2,application_aware,23,W,N1
EPCTL04,2,application_aware,42,W,W
EPCTL04,2,application_aware,43,W,W
EPCTL04,2,application_aware,44,W,W
EPCTL04,2,application_aware,78,W,N1
EPCTL04,2,application_aware,79,W,N1
EPCTL04,2,application_aware,80,W,W
EPCTL04,2,application_aware,81,W,N1
EPCTL04,2,application_aware,82,W,N1
EPCTL04,2,application_aware,83,W,N1
EPCTL04,2,application_aware,120,W,N1
EPCTL04,2,application_aware,121,W,N1
EPCTL04,2,application_aware,122,W,N1
EPCTL04,2,application_aware,126,W,N1
EPCTL04,2,application_aware,127,W,W
EPCTL04,2,application_aware,128,W,N1
EPCTL04,2,application_aware,135,W,N1
EPCTL04,2,application_aware,136,W,N1
EPCTL04,2,application_aware,137,W,W
EPCTL04,2,application_aware,141,W,W
EPCTL04,2,application_aware,142,W,W
EPCTL04,2,application_aware,143,W,W
EPCTL04,2,application_aware,144,W,W
EPCTL04,2,application_aware,145,W,W
EPCTL04,2,application_aware,146,W,W
EPCTL04,2,application_aware,147,W,W
EPCTL04,2,application_aware,148,W,N1
EPCTL04,2,application_aware,149,W,W
EPCTL04,2,application_aware,153,W,N1
EPCTL04,2,application_aware,154,W,W
EPCTL04,2,application_aware,155,W,W
EPCTL04,2,application_aware,156,W,N1
EPCTL04,2,application_aware,157,W,N1
EPCTL04,2,application_aware,158,W,N1
EPCTL04,2,application_aware,168,W,N1
EPCTL04,2,application_aware,169,W,N1
EPCTL04,2,application_aware,170,W,N1
EPCTL04,2,application_aware,198,W,W
EPCTL04,2,application_aware,199,W,W
EPCTL04,2,application_aware,200,W,N1
EPCTL04,2,application_aware,207,W,N1
EPCTL04,2,application_aware,208,W,W
EPCTL04,2,application_aware,209,W,W
EPCTL04,2,application_aware,228,W,N1
EPCTL04,2,application_aware,229,W,N1
EPCTL04,2,application_aware,230,W,N1
EPCTL04,2,application_aware,246,W,N1
EPCTL04,2,application_aware,247,W,N1
EPCTL04,2,application_aware,248,W,N1
EPCTL04,2,application_aware,279,W,W
EPCTL04,2,application_aware,280,W,W
EPCTL04,2,application_aware,281,W,W
EPCTL04,2,application_aware,291,W,W
EPCTL04,2,application_aware,292,W,W
EPCTL04,2,application_aware,293,W,N1
EPCTL04,2,application_aware,294,W,W
EPCTL04,2,application_aware,295,W,N1
EPCTL04,2,application_aware,296,W,W
EPCTL04,2,application_aware,309,W,N1
EPCTL04,2,application_aware,310,W,N1
EPCTL04,2,application_aware,311,W,N1
EPCTL04,2,application_aware,339,W,N1
EPCTL04,2,application_aware,340,W,W
EPCTL04,2,application_aware,341,W,W
EPCTL04,2,application_aware,357,W,W
EPCTL04,2,application_aware,358,W,N1
EPCTL04,2,application_aware,359,W,N1
EPCTL04,2,application_aware,360,W,N1
EPCTL04,2,application_aware,361,W,N1
EPCTL04,2,application_aware,362,W,N1
EPCTL04,2,application_aware,363,W,N1
EPCTL04,2,application_aware,364,W,N1
EPCTL04,2,application_aware,365,W,N1
EPCTL04,2,application_aware,366,W,N1
EPCTL04,2,application_aware,367,W,W
EPCTL04,2,application_aware,368,W,N1
EPCTL04,2,classical_averaged_50_shots,12,W,N1
EPCTL04,2,classical_averaged_50_shots,13,W,N1
EPCTL04,2,classical_averaged_50_shots,14,W,N1
EPCTL04,2,classical_averaged_50_shots,21,W,N1
EPCTL04,2,classical_averaged_50_shots,22,W,N1
EPCTL04,2,classical_averaged_50_shots,23,W,N1
EPCTL04,2,classical_averaged_50_shots,42,W,N1
EPCTL04,2,classical_averaged_50_shots,43,W,N1
EPCTL04,2,classical_averaged_50_shots,44,W,N1
EPCTL04,2,classical_averaged_50_shots,78,W,N1
EPCTL04,2,classical_averaged_50_shots,79,W,N1
EPCTL04,2,classical_averaged_50_shots,80,W,N1
EPCTL04,2,classical_averaged_50_shots,81,W,N1
EPCTL04,2,classical_averaged_50_shots,82,W,N1
EPCTL04,2,classical_averaged_50_shots,83,W,N1
EPCTL04,2,classical_averaged_50_shots,120,W,N1
EPCTL04,2,classical_averaged_50_shots,121,W,N1
EPCTL04,2,classical_averaged_50_shots,122,W,N1
EPCTL04,2,classical_averaged_50_shots,126,W,N1
EPCTL04,2,classical_averaged_50_shots,127,W,N1
EPCTL04,2,classical_averaged_50_shots,128,W,N1
EPCTL04,2,classical_averaged_50_shots,135,W,N1
EPCTL04,2,classical_averaged_50_shots,136,W,N1
EPCTL04,2,classical_averaged_50_shots,137,W,W
EPCTL04,2,classical_averaged_50_shots,141,W,W
EPCTL04,2,classical_averaged_50_shots,142,W,N1
EPCTL04,2,classical_averaged_50_shots,143,W,N1
EPCTL04,2,classical_averaged_50_shots,144,W,N1
EPCTL04,2,classical_averaged_50_shots,145,W,N1
EPCTL04,2,classical_averaged_50_shots,146,W,N1
EPCTL04,2,classical_averaged_50_shots,147,W,N1
EPCTL04,2,classical_averaged_50_shots,148,W,N1
EPCTL04,2,classical_averaged_50_shots,149,W,N1
EPCTL04,2,classical_averaged_50_shots,153,W,N1
EPCTL04,2,classical_averaged_50_shots,154,W,N1
EPCTL04,2,classical_averaged_50_shots,155,W,N1
EPCTL04,2,classical_averaged_50_shots,156,W,N1
EPCTL04,2,classical_averaged_50_shots,157,W,N1
EPCTL04,2,classical_averaged_50_shots,158,W,N1
EPCTL04,2,classical_averaged_50_shots,168,W,N1
EPCTL04,2,classical_averaged_50_shots,169,W,N1
EPCTL04,2,classical_averaged_50_shots,170,W,N1
EPCTL04,2,classical_averaged_50_shots,198,W,N1
EPCTL04,2,classical_averaged_50_shots,199,W,N1
EPCTL04,2,classical_averaged_50_shots,200,W,N1
EPCTL04,2,classical_averaged_50_shots,207,W,N1
EPCTL04,2,classical_averaged_50_shots,208,W,W
EPCTL04,2,classical_averaged_50_shots,209,W,N1
EPCTL04,2,classical_averaged_50_shots,228,W,N1
EPCTL04,2,classical_averaged_50_shots,229,W,N1
EPCTL04,2,classical_averaged_50_shots,230,W,N1
EPCTL04,2,classical_averaged_50_shots,246,W,N1
EPCTL04,2,classical_averaged_50_shots,247,W,N1
EPCTL04,2,classical_averaged_50_shots,248,W,N1
EPCTL04,2,classical_averaged_50_shots,279,W,N1
EPCTL04,2,classical_averaged_50_shots,280,W,N1
EPCTL04,2,classical_averaged_50_shots,281,W,N1
EPCTL04,2,classical_averaged_50_shots,291,W,N1
EPCTL04,2,classical_averaged_50_shots,292,W,N1
EPCTL04,2,classical_averaged_50_shots,293,W,N1
EPCTL04,2,classical_averaged_50_shots,294,W,N1
EPCTL04,2,classical_averaged_50_shots,295,W,N1
EPCTL04,2,classical_averaged_50_shots,296,W,N1
EPCTL04,2,classical_averaged_50_shots,309,W,N1
EPCTL04,2,classical_averaged_50_shots,310,W,N1
EPCTL04,2,classical_averaged_50_shots,311,W,N1
EPCTL04,2,classical_averaged_50_shots,339,W,N1
EPCTL04,2,classical_averaged_50_shots,340,W,N1
EPCTL04,2,classical_averaged_50_shots,341,W,W
EPCTL04,2,classical_averaged_50_shots,357,W,W
EPCTL04,2,classical_averaged_50_shots,358,W,W
EPCTL04,2,classical_averaged_50_shots,359,W,W
EPCTL04,2,classical_averaged_50_shots,360,W,N1
EPCTL04,2,classical_averaged_50_shots,361,W,N1
EPCTL04,2,classical_averaged_50_shots,362,W,N1
EPCTL04,2,classical_averaged_50_shots,363,W,N1
EPCTL04,2,classical_averaged_50_shots,364,W,N1
EPCTL04,2,classical_averaged_50_shots,365,W,N1
EPCTL04,2,classical_averaged_50_shots,366,W,N1
EPCTL04,2,classical_averaged_50_shots,367,W,N1
EPCTL04,2,classical_averaged_50_shots,368,W,N1
EPCTL05,0,ideal,6,W,W
EPCTL05,0,ideal,7,W,N1
EPCTL05,0,ideal,8,W,N1
EPCTL05,0,ideal,12,W,N1
EPCTL05,0,ideal,13,W,W
EPCTL05,0,ideal,14,W,W
EPCTL05,0,ideal,30,W,N1
EPCTL05,0,ideal,31,W,W
EPCTL05,0,ideal,32,W,W
EPCTL05,0,ideal,33,W,W
EPCTL05,0,ideal,34,W,N1
EPCTL05,0,ideal,35,W,W
EPCTL05,0,ideal,69,W,W
EPCTL05,0,ideal,70,W,W
EPCTL05,0,ideal,71,W,W
EPCTL05,0,ideal,78,N1,W
EPCTL05,0,ideal,79,N1,W
EPCTL05,0,ideal,80,N1,W
EPCTL05,0,ideal,90,N1,W
EPCTL05,0,ideal,91,N1,W
EPCTL05,0,ideal,92,N1,W
EPCTL05,0,no_qec,6,W,W
EPCTL05,0,no_qec,7,W,N1
EPCTL05,0,no_qec,8,W,N1
EPCTL05,0,no_qec,12,W,N1
EPCTL05,0,no_qec,13,W,W
EPCTL05,0,no_qec,14,W,W
EPCTL05,0,no_qec,30,W,N1
EPCTL05,0,no_qec,31,W,W
EPCTL05,0,no_qec,32,W,W
EPCTL05,0,no_qec,33,W,W
EPCTL05,0,no_qec,34,W,N1
EPCTL05,0,no_qec,35,W,W
EPCTL05,0,no_qec,69,W,W
EPCTL05,0,no_qec,70,W,W
EPCTL05,0,no_qec,71,W,W
EPCTL05,0,no_qec,78,N1,W
EPCTL05,0,no_qec,79,N1,W
EPCTL05,0,no_qec,80,N1,W
EPCTL05,0,no_qec,90,N1,W
EPCTL05,0,no_qec,91,N1,W
EPCTL05,0,no_qec,92,N1,W
EPCTL05,0,uniform_repetition_d3,6,W,W
EPCTL05,0,uniform_repetition_d3,7,W,N1
EPCTL05,0,uniform_repetition_d3,8,W,N1
EPCTL05,0,uniform_repetition_d3,12,W,N1
EPCTL05,0,uniform_repetition_d3,13,W,W
EPCTL05,0,uniform_repetition_d3,14,W,W
EPCTL05,0,uniform_repetition_d3,30,W,N1
EPCTL05,0,uniform_repetition_d3,31,W,W
EPCTL05,0,uniform_repetition_d3,32,W,W
EPCTL05,0,uniform_repetition_d3,33,W,W
EPCTL05,0,uniform_repetition_d3,34,W,N1
EPCTL05,0,uniform_repetition_d3,35,W,W
EPCTL05,0,uniform_repetition_d3,69,W,W
EPCTL05,0,uniform_repetition_d3,70,W,W
EPCTL05,0,uniform_repetition_d3,71,W,W
EPCTL05,0,uniform_repetition_d3,78,N1,W
EPCTL05,0,uniform_repetition_d3,79,N1,W
EPCTL05,0,uniform_repetition_d3,80,N1,W
EPCTL05,0,uniform_repetition_d3,90,N1,W
EPCTL05,0,uniform_repetition_d3,91,N1,W
EPCTL05,0,uniform_repetition_d3,92,N1,W
EPCTL05,0,application_aware,6,W,W
EPCTL05,0,application_aware,7,W,N1
EPCTL05,0,application_aware,8,W,N1
EPCTL05,0,application_aware,12,W,N1
EPCTL05,0,application_aware,13,W,W
EPCTL05,0,application_aware,14,W,W
EPCTL05,0,application_aware,30,W,N1
EPCTL05,0,application_aware,31,W,W
EPCTL05,0,application_aware,32,W,W
EPCTL05,0,application_aware,33,W,W
EPCTL05,0,application_aware,34,W,N1
EPCTL05,0,application_aware,35,W,W
EPCTL05,0,application_aware,69,W,W
EPCTL05,0,application_aware,70,W,W
EPCTL05,0,application_aware,71,W,W
EPCTL05,0,application_aware,78,N1,W
EPCTL05,0,application_aware,79,N1,W
EPCTL05,0,application_aware,80,N1,W
EPCTL05,0,application_aware,90,N1,W
EPCTL05,0,application_aware,91,N1,W
EPCTL05,0,application_aware,92,N1,W
EPCTL05,0,classical_averaged_50_shots,6,W,N1
EPCTL05,0,classical_averaged_50_shots,7,W,N1
EPCTL05,0,classical_averaged_50_shots,8,W,N1
EPCTL05,0,classical_averaged_50_shots,12,W,N1
EPCTL05,0,classical_averaged_50_shots,13,W,W
EPCTL05,0,classical_averaged_50_shots,14,W,N1
EPCTL05,0,classical_averaged_50_shots,30,W,N1
EPCTL05,0,classical_averaged_50_shots,31,W,N1
EPCTL05,0,classical_averaged_50_shots,32,W,W
EPCTL05,0,classical_averaged_50_shots,33,W,W
EPCTL05,0,classical_averaged_50_shots,34,W,N1
EPCTL05,0,classical_averaged_50_shots,35,W,W
EPCTL05,0,classical_averaged_50_shots,69,W,W
EPCTL05,0,classical_averaged_50_shots,70,W,W
EPCTL05,0,classical_averaged_50_shots,71,W,N1
EPCTL05,0,classical_averaged_50_shots,78,N1,N1
EPCTL05,0,classical_averaged_50_shots,79,N1,N1
EPCTL05,0,classical_averaged_50_shots,80,N1,W
EPCTL05,0,classical_averaged_50_shots,90,N1,W
EPCTL05,0,classical_averaged_50_shots,91,N1,N1
EPCTL05,0,classical_averaged_50_shots,92,N1,N1
EPCTL05,1,ideal,9,W,N1
EPCTL05,1,ideal,10,W,N1
EPCTL05,1,ideal,11,W,W
EPCTL05,1,ideal,18,W,W
EPCTL05,1,ideal,19,W,W
EPCTL05,1,ideal,20,W,W
EPCTL05,1,ideal,21,W,N1
EPCTL05,1,ideal,22,W,W
EPCTL05,1,ideal,23,W,W
EPCTL05,1,ideal,33,W,W
EPCTL05,1,ideal,34,W,N1
EPCTL05,1,ideal,35,W,W
EPCTL05,1,ideal,81,N1,N1
EPCTL05,1,ideal,82,N1,W
EPCTL05,1,ideal,83,N1,W
EPCTL05,1,ideal,84,N1,N1
EPCTL05,1,ideal,85,N1,N1
EPCTL05,1,ideal,86,N1,W
EPCTL05,1,ideal,90,N1,W
EPCTL05,1,ideal,91,N1,W
EPCTL05,1,ideal,92,N1,W
EPCTL05,1,no_qec,9,W,N1
EPCTL05,1,no_qec,10,W,N1
EPCTL05,1,no_qec,11,W,W
EPCTL05,1,no_qec,18,W,W
EPCTL05,1,no_qec,19,W,W
EPCTL05,1,no_qec,20,W,W
EPCTL05,1,no_qec,21,W,N1
EPCTL05,1,no_qec,22,W,W
EPCTL05,1,no_qec,23,W,W
EPCTL05,1,no_qec,33,W,W
EPCTL05,1,no_qec,34,W,N1
EPCTL05,1,no_qec,35,W,W
EPCTL05,1,no_qec,81,N1,N1
EPCTL05,1,no_qec,82,N1,W
EPCTL05,1,no_qec,83,N1,W
EPCTL05,1,no_qec,84,N1,N1
EPCTL05,1,no_qec,85,N1,N1
EPCTL05,1,no_qec,86,N1,W
EPCTL05,1,no_qec,90,N1,W
EPCTL05,1,no_qec,91,N1,W
EPCTL05,1,no_qec,92,N1,W
EPCTL05,1,uniform_repetition_d3,9,W,N1
EPCTL05,1,uniform_repetition_d3,10,W,N1
EPCTL05,1,uniform_repetition_d3,11,W,W
EPCTL05,1,uniform_repetition_d3,18,W,W
EPCTL05,1,uniform_repetition_d3,19,W,W
EPCTL05,1,uniform_repetition_d3,20,W,W
EPCTL05,1,uniform_repetition_d3,21,W,N1
EPCTL05,1,uniform_repetition_d3,22,W,W
EPCTL05,1,uniform_repetition_d3,23,W,W
EPCTL05,1,uniform_repetition_d3,33,W,W
EPCTL05,1,uniform_repetition_d3,34,W,N1
EPCTL05,1,uniform_repetition_d3,35,W,W
EPCTL05,1,uniform_repetition_d3,81,N1,N1
EPCTL05,1,uniform_repetition_d3,82,N1,W
EPCTL05,1,uniform_repetition_d3,83,N1,W
EPCTL05,1,uniform_repetition_d3,84,N1,N1
EPCTL05,1,uniform_repetition_d3,85,N1,N1
EPCTL05,1,uniform_repetition_d3,86,N1,W
EPCTL05,1,uniform_repetition_d3,90,N1,W
EPCTL05,1,uniform_repetition_d3,91,N1,W
EPCTL05,1,uniform_repetition_d3,92,N1,W
EPCTL05,1,application_aware,9,W,N1
EPCTL05,1,application_aware,10,W,N1
EPCTL05,1,application_aware,11,W,W
EPCTL05,1,application_aware,18,W,W
EPCTL05,1,application_aware,19,W,W
EPCTL05,1,application_aware,20,W,W
EPCTL05,1,application_aware,21,W,N1
EPCTL05,1,application_aware,22,W,W
EPCTL05,1,application_aware,23,W,W
EPCTL05,1,application_aware,33,W,W
EPCTL05,1,application_aware,34,W,N1
EPCTL05,1,application_aware,35,W,W
EPCTL05,1,application_aware,81,N1,N1
EPCTL05,1,application_aware,82,N1,W
EPCTL05,1,application_aware,83,N1,W
EPCTL05,1,application_aware,84,N1,N1
EPCTL05,1,application_aware,85,N1,N1
EPCTL05,1,application_aware,86,N1,W
EPCTL05,1,application_aware,90,N1,W
EPCTL05,1,application_aware,91,N1,W
EPCTL05,1,application_aware,92,N1,W
EPCTL05,1,classical_averaged_50_shots,9,W,N1
EPCTL05,1,classical_averaged_50_shots,10,W,N1
EPCTL05,1,classical_averaged_50_shots,11,W,N1
EPCTL05,1,classical_averaged_50_shots,18,W,N1
EPCTL05,1,classical_averaged_50_shots,19,W,N1
EPCTL05,1,classical_averaged_50_shots,20,W,N1
EPCTL05,1,classical_averaged_50_shots,21,W,N1
EPCTL05,1,classical_averaged_50_shots,22,W,W
EPCTL05,1,classical_averaged_50_shots,23,W,N1
EPCTL05,1,classical_averaged_50_shots,33,W,N1
EPCTL05,1,classical_averaged_50_shots,34,W,N1
EPCTL05,1,classical_averaged_50_shots,35,W,W
EPCTL05,1,classical_averaged_50_shots,81,N1,N1
EPCTL05,1,classical_averaged_50_shots,82,N1,N1
EPCTL05,1,classical_averaged_50_shots,83,N1,N1
EPCTL05,1,classical_averaged_50_shots,84,N1,N1
EPCTL05,1,classical_averaged_50_shots,85,N1,N1
EPCTL05,1,classical_averaged_50_shots,86,N1,N1
EPCTL05,1,classical_averaged_50_shots,90,N1,W
EPCTL05,1,classical_averaged_50_shots,91,N1,N1
EPCTL05,1,classical_averaged_50_shots,92,N1,N1
EPCTL05,2,ideal,18,W,N1
EPCTL05,2,ideal,19,W,W
EPCTL05,2,ideal,20,W,W
EPCTL05,2,ideal,21,W,N1
EPCTL05,2,ideal,22,W,W
EPCTL05,2,ideal,23,W,W
EPCTL05,2,ideal,72,W,W
EPCTL05,2,ideal,73,W,W
EPCTL05,2,ideal,74,W,W
EPCTL05,2,ideal,75,W,W
EPCTL05,2,ideal,76,W,W
EPCTL05,2,ideal,77,W,W
EPCTL05,2,ideal,78,N1,W
EPCTL05,2,ideal,79,N1,W
EPCTL05,2,ideal,80,N1,W
EPCTL05,2,ideal,81,N1,N1
EPCTL05,2,ideal,82,N1,W
EPCTL05,2,ideal,83,N1,W
EPCTL05,2,ideal,87,N1,N1
EPCTL05,2,ideal,88,N1,W
EPCTL05,2,ideal,89,N1,W
EPCTL05,2,no_qec,18,W,N1
EPCTL05,2,no_qec,19,W,W
EPCTL05,2,no_qec,20,W,W
EPCTL05,2,no_qec,21,W,N1
EPCTL05,2,no_qec,22,W,W
EPCTL05,2,no_qec,23,W,W
EPCTL05,2,no_qec,72,W,W
EPCTL05,2,no_qec,73,W,W
EPCTL05,2,no_qec,74,W,W
EPCTL05,2,no_qec,75,W,W
EPCTL05,2,no_qec,76,W,W
EPCTL05,2,no_qec,77,W,W
EPCTL05,2,no_qec,78,N1,W
EPCTL05,2,no_qec,79,N1,W
EPCTL05,2,no_qec,80,N1,W
EPCTL05,2,no_qec,81,N1,N1
EPCTL05,2,no_qec,82,N1,W
EPCTL05,2,no_qec,83,N1,W
EPCTL05,2,no_qec,87,N1,N1
EPCTL05,2,no_qec,88,N1,W
EPCTL05,2,no_qec,89,N1,W
EPCTL05,2,uniform_repetition_d3,18,W,N1
EPCTL05,2,uniform_repetition_d3,19,W,W
EPCTL05,2,uniform_repetition_d3,20,W,W
EPCTL05,2,uniform_repetition_d3,21,W,N1
EPCTL05,2,uniform_repetition_d3,22,W,W
EPCTL05,2,uniform_repetition_d3,23,W,W
EPCTL05,2,uniform_repetition_d3,72,W,W
EPCTL05,2,uniform_repetition_d3,73,W,W
EPCTL05,2,uniform_repetition_d3,74,W,W
EPCTL05,2,uniform_repetition_d3,75,W,W
EPCTL05,2,uniform_repetition_d3,76,W,W
EPCTL05,2,uniform_repetition_d3,77,W,W
EPCTL05,2,uniform_repetition_d3,78,N1,W
EPCTL05,2,uniform_repetition_d3,79,N1,W
EPCTL05,2,uniform_repetition_d3,80,N1,W
EPCTL05,2,uniform_repetition_d3,81,N1,N1
EPCTL05,2,uniform_repetition_d3,82,N1,W
EPCTL05,2,uniform_repetition_d3,83,N1,W
EPCTL05,2,uniform_repetition_d3,87,N1,N1
EPCTL05,2,uniform_repetition_d3,88,N1,W
EPCTL05,2,uniform_repetition_d3,89,N1,W
EPCTL05,2,application_aware,18,W,N1
EPCTL05,2,application_aware,19,W,W
EPCTL05,2,application_aware,20,W,W
EPCTL05,2,application_aware,21,W,N1
EPCTL05,2,application_aware,22,W,W
EPCTL05,2,application_aware,23,W,W
EPCTL05,2,application_aware,72,W,W
EPCTL05,2,application_aware,73,W,W
EPCTL05,2,application_aware,74,W,W
EPCTL05,2,application_aware,75,W,W
EPCTL05,2,application_aware,76,W,W
EPCTL05,2,application_aware,77,W,W
EPCTL05,2,application_aware,78,N1,W
EPCTL05,2,application_aware,79,N1,W
EPCTL05,2,application_aware,80,N1,W
EPCTL05,2,application_aware,81,N1,N1
EPCTL05,2,application_aware,82,N1,W
EPCTL05,2,application_aware,83,N1,W
EPCTL05,2,application_aware,87,N1,N1
EPCTL05,2,application_aware,88,N1,W
EPCTL05,2,application_aware,89,N1,W
EPCTL05,2,classical_averaged_50_shots,18,W,W
EPCTL05,2,classical_averaged_50_shots,19,W,N1
EPCTL05,2,classical_averaged_50_shots,20,W,N1
EPCTL05,2,classical_averaged_50_shots,21,W,N1
EPCTL05,2,classical_averaged_50_shots,22,W,W
EPCTL05,2,classical_averaged_50_shots,23,W,W
EPCTL05,2,classical_averaged_50_shots,72,W,W
EPCTL05,2,classical_averaged_50_shots,73,W,N1
EPCTL05,2,classical_averaged_50_shots,74,W,W
EPCTL05,2,classical_averaged_50_shots,75,W,N1
EPCTL05,2,classical_averaged_50_shots,76,W,W
EPCTL05,2,classical_averaged_50_shots,77,W,W
EPCTL05,2,classical_averaged_50_shots,78,N1,W
EPCTL05,2,classical_averaged_50_shots,79,N1,W
EPCTL05,2,classical_averaged_50_shots,80,N1,W
EPCTL05,2,classical_averaged_50_shots,81,N1,N1
EPCTL05,2,classical_averaged_50_shots,82,N1,N1
EPCTL05,2,classical_averaged_50_shots,83,N1,W
EPCTL05,2,classical_averaged_50_shots,87,N1,N1
EPCTL05,2,classical_averaged_50_shots,88,N1,W
EPCTL05,2,classical_averaged_50_shots,89,N1,W
