epoch,loss
0,6.25037767258244
1,4.518752959738803
2,4.141081013313075
3,3.5820976148233945
4,3.1294882776493
5,2.957171295347574
6,2.842187165077393
7,2.5199166031181166
8,2.0445174836663447
9,1.6579704415276069
10,1.5276763434461649
11,1.5167233036074674
12,1.5116085649214122
13,1.4932093272797309
14,1.4890391031646846
15,1.4827956271356775
16,1.479074877646487
17,1.4775250442330055
18,1.4682414938861865
19,1.4553068569232455
20,1.4430611349318434
21,1.4279228152979757
22,1.4182006754827974
23,1.4050857202319582
24,1.4045048711445831
25,1.401261613316787
26,1.3966623829755846
27,1.3870010991429793
28,1.393349271428009
29,1.3887663116963913
30,1.390330287113624
31,1.3891799471237742
32,1.3893932184239677
33,1.390538194629143
34,1.3922565860366558
35,1.3887312676203627
36,1.3893248709157835
37,1.3896294293292009
38,1.3975685451922069
39,1.3936368958553804
40,1.3968845370372336
41,1.3916529013582633
42,1.394318453430989
43,1.3905580006414613
44,1.3925914640353958
45,1.390791191608681
46,1.3939443274123389
47,1.3931826048970026
48,1.3923943420087863
49,1.3980219779622876
50,1.398660353336957
51,1.401057408209478
52,1.39204548711263
53,1.3942056963713176
54,1.4061980845416349
55,1.404161607362798
56,1.3931651715969178
57,1.4001784952236886
58,1.3909184281721285
59,1.3904611617571003
60,1.3933773086489984
61,1.393714416298856
62,1.3949267126254177
63,1.3917737271906367
64,1.3928827384002953
65,1.401301781578901
66,1.394517288251824
67,1.4025732863260452
68,1.3972625316014988
69,1.3971511129948646
70,1.3975777211537899
71,1.3941775073706022
72,1.3894169028334036
73,1.3917336104951388
74,1.3933173773235608
75,1.3925856593426114
76,1.3947277532748328
77,1.398265137750918
78,1.4038666590645257
79,1.3979152955273941
80,1.3914456842243355
81,1.3933661393298205
82,1.392565149231174
83,1.3989590298617975
84,1.4034923388395888
85,1.405852743582432
86,1.4075460263196908
87,1.3944991617372284
88,1.3965611088318943
89,1.3952778639005323
90,1.3954389381938648
91,1.393826916508812
92,1.39570978654876
93,1.397318176584905
94,1.3940160742981589
95,1.3934623415579495
96,1.3952796632849656
97,1.396980413408746
98,1.3937606375806713
99,1.393882010596438
100,1.3955646814093323
101,1.389948448054862
102,1.3931353631223753
103,1.393560405840137
104,1.3975180111753356
105,1.3994917594766518
106,1.3943916817897215
107,1.3966599282966947
108,1.3951907822465721
109,1.3999452261707723
110,1.392142086061939
111,1.3952006773026555
112,1.3947384484641485
113,1.394049925350695
114,1.3947331191772736
115,1.391529203633644
116,1.3927734792853514
117,1.394128123087302
118,1.3932331373273548
119,1.3961140064396158
120,1.393243836974449
121,1.3942485612729052
122,1.4006183782179482
123,1.3920648680783785
124,1.3904597214863403
125,1.3958134523289
126,1.3924976119925323
127,1.3916581325638184
128,1.3949720508869616
129,1.4024668976286192
130,1.4076588580381297
131,1.4062292904254705
132,1.402566237580523
133,1.4010876083639983
134,1.4007880117136866
135,1.3966458797854586
136,1.3914887633677162
137,1.4005348782829792
138,1.395333136549821
139,1.3996882425936814
140,1.3886211086591833
141,1.395973738774519
142,1.3986440492201748
143,1.3927010858218223
144,1.396835894960992
145,1.3928570520348798
146,1.3943699729836119
147,1.3953884730742085
148,1.3959011587170633
149,1.3911541219081367
150,1.3978342388258682
151,1.4002214738510614
152,1.395567112251428
153,1.3940556848983423
154,1.3908381000135621
155,1.396508015723304
156,1.3991131526715268
157,1.3981972180093476
158,1.3956080476537305
159,1.394611332492437
160,1.404326803079129
161,1.409312061761948
162,1.4026868795760237
163,1.399487345386564
164,1.3997764963293773
165,1.39432816331485
166,1.400677077496971
167,1.3995270836477673
168,1.3920359854358852
169,1.3932935536949884
170,1.4023143608138644
171,1.3971190128978255
172,1.3968967123338558
173,1.3935890520196126
174,1.3933167129473936
175,1.3918602824995676
176,1.3968089491887499
177,1.3939495883017121
178,1.397314861756861
179,1.3957239683337634
180,1.3978641686780175
181,1.4061200105884035
182,1.3985547961865659
183,1.4015914976783175
184,1.3923517472238085
185,1.3931192925290699
186,1.395239401775557
187,1.3992005100881957
188,1.3934207498411189
189,1.3965769241198833
190,1.397483890815099
191,1.3989092380216965
192,1.395680187879964
193,1.4009420024081392
194,1.3965117526013118
195,1.3944300401799379
196,1.3915451845881015
197,1.3905205868390436
198,1.3952467507585586
199,1.3916226877360054
